title,lable
abstract being,newNode
supernatural being,newNode
教育,newNode
神话人物,newNode
Ottův slovník naučný,newNode
汉姓,newNode
identity document,newNode
物理性质,newNode
中国省份,newNode
实体,newNode
Category:Spirits,newNode
Norwegian PhD,newNode
姓氏,newNode
personal data,newNode
地理实体,newNode
中华人民共和国,newNode
spatial arrangement,newNode
亚美尼亚苏维埃百科全书,newNode
副省级市,newNode
维基媒体消歧义页,newNode
概念,newNode
人类,newNode
视觉艺术,newNode
单曲,newNode
Danish PhD,newNode
汉字,newNode
identification,newNode
空间,newNode
Category:结构,newNode
大城市,newNode
原理,newNode
客体,newNode
女,newNode
摄影,newNode
光灵,newNode
序列,newNode
magister degree,newNode
Category:段姓,newNode
Template:Infobox Identity document,newNode
地球表面,newNode
king in Greek mythology,newNode
administrative territorial entity identifier,newNode
文学作品,newNode
经济部门,newNode
拟言类别,newNode
元类,newNode
哲学概念,newNode
百万人口城市,newNode
创意作品,newNode
频道:国际,newNode
Template:Infobox photography,newNode
嘻哈音乐,newNode
唐朝,newNode
时空,newNode
百家姓,newNode
Category:身份证明,newNode
坐标系,newNode
Shennong Peak,newNode
可能虚构人物,newNode
nominal number,newNode
礼记,newNode
语言类别,newNode
心智状态,newNode
Category:政策,newNode
Category:世界,newNode
Category:摄影作品,newNode
机关枪凯利,newNode
郑,newNode
时间和空间的哲学,newNode
端村,newNode
地理位置,newNode
李鸿忠,newNode
星群,newNode
助词,newNode
课程,newNode
数学符号,newNode
基因,newNode
考试,newNode
男,newNode
哲学,newNode
拟言体,newNode
本体,newNode
记忆,newNode
政治,newNode
地球,newNode
大西洋唱片,newNode
郑绅,newNode
广义相对论,newNode
Duan,newNode
地理地区,newNode
标准汉语,newNode
OB星协,newNode
教育学,newNode
是,newNode
elective course,newNode
表示式,newNode
蛋白质编码基因,newNode
美国,newNode
波塞冬,newNode
Category:Postal codes,newNode
A Grande Doutrina,newNode
产品,newNode
language,newNode
本体语言,newNode
conviction,newNode
卢嘏,newNode
Template:时间,newNode
Doan,newNode
Wikipedia:基础条目,newNode
官话,newNode
German preposition,newNode
教育机构,newNode
法律主体,newNode
抽象客体,newNode
自然语言,newNode
天蝎-半人马星协,newNode
心理学,newNode
no,newNode
Category:数学公式,newNode
小家鼠,newNode
Butes,newNode
The Great Learning (Legge),newNode
书面作品,newNode
传播媒体,newNode
分类法,newNode
知识论,newNode
Category:时间,newNode
湘语,newNode
贵族姓氏助词,newNode
Template:Infobox school,newNode
membership organization,newNode
资讯,newNode
horizontal plane,newNode
现代语言,newNode
天蝎座,newNode
Fibronectin type III domain containing 3A,newNode
阿佛洛狄忒,newNode
孔子,newNode
电子计算机,newNode
通信,newNode
分类,newNode
学习,newNode
赣语,newNode
一级元类,newNode
标量,newNode
规律性,newNode
活动,newNode
family name affix,newNode
模板:学校,newNode
membership,newNode
data base,newNode
horizontal direction,newNode
J2000.0,newNode
Formula,newNode
mouse chromosome 14,newNode
曾参,newNode
硬件,newNode
无知,newNode
长江,newNode
布罗克豪斯-艾佛隆百科词典,newNode
Western Xiangxi language,newNode
专业领域,newNode
建筑物,newNode
ordinary matter,newNode
observable entity,newNode
arrangement,newNode
维基媒体重复页面,newNode
李,newNode
贵族等级,newNode
Category:学校,newNode
member,newNode
资料庋用,newNode
Anglic languages,newNode
reverse strand,newNode
文言文,newNode
language group,newNode
纲,newNode
知识管理,newNode
周先旺,newNode
持续时间,newNode
北部土家语,newNode
职位,newNode
人类活动,newNode
男性人名,newNode
量,newNode
学科列表,newNode
材料科学,newNode
度量,newNode
Category:模式,newNode
哈尔滨市,newNode
Lid,newNode
Category:资料,newNode
FNDC3A,newNode
公有领域,newNode
list of softwares,newNode
语言学,newNode
维基数据类,newNode
Category:知识,newNode
江岸区,newNode
Eastern Xiangxi language,newNode
美国联邦行政部门,newNode
list of hobbies,newNode
日语,newNode
量值,newNode
Category:学科,newNode
强度,newNode
几何学,newNode
pattern,newNode
控制,newNode
手球运动员,newNode
德语,newNode
小孩子学生,newNode
盎格鲁-弗里西语组,newNode
Fndc3a,newNode
语言列表,newNode
天主教百科全书,newNode
江汉区,newNode
学术机构,newNode
数学对象,newNode
学术论文,newNode
测量仪器,newNode
日报,newNode
吉米·卡特,newNode
Category:嗜好,newNode
拉丁文字,newNode
科学分支,newNode
抗压强度,newNode
长度单位,newNode
调控,newNode
手球,newNode
教师,newNode
英格兰,newNode
mtgo,newNode
Portal:软件,newNode
Portal:语言,newNode
硚口区,newNode
母语,newNode
学会,newNode
实践,newNode
汉语,newNode
实验室设备,newNode
南非,newNode
美国教育部长,newNode
长,newNode
数系,newNode
field of study,newNode
密度,newNode
直线,newNode
coordination,newNode
2008年夏季奥林匹克运动会,newNode
Von,newNode
学校科目,newNode
美属萨摩亚,newNode
Template:Infobox software,newNode
Template:Infobox language,newNode
理解,newNode
汉阳区,newNode
黄石市,newNode
高等教育机构,newNode
集合论,newNode
Category:理论,newNode
自然辩证法研究,newNode
实验室玻璃器皿,newNode
约翰·金恩,newNode
Category:数,newNode
硬度,newNode
米,newNode
企业经济学,newNode
2004年夏季奥林匹克运动会,newNode
degli,newNode
学校图书馆,newNode
安圭拉,newNode
Category:软件,newNode
Template:Distribution of languages in the world,newNode
经验,newNode
武昌区,newNode
十堰市,newNode
比鲁尼,newNode
Times Media Group,newNode
武士,newNode
The Art of Computer Programming Volume 1: Fundamental Algorithms 3rd edition,newNode
工作领域,newNode
Template:Infobox material,newNode
Category:Distance,newNode
企划,newNode
2011年世界女子手球锦标赛,newNode
来自,newNode
school building,newNode
安提瓜和巴布达,newNode
history of software,newNode
Category:Language,newNode
青山区,newNode
宜昌市,newNode
结构构件,newNode
过程,newNode
状态,newNode
阿卡德摩斯,newNode
hypothetical event,newNode
量度,newNode
Rosebank,newNode
维基词典,newNode
science,newNode
Category:材料,newNode
ISO 80000-3:2006: Quantities and units—Part 3: Space and time,newNode
公共行政,newNode
von der,newNode
Category:学校题材乐曲,newNode
阿鲁巴,newNode
计算机程序,newNode
方言地理学,newNode
洪山区,newNode
襄阳市,newNode
建设,newNode
人造客体,newNode
信息学,newNode
应用科学,newNode
undesirability,newNode
石墓,newNode
美国卫生及公共服务部,newNode
substance,newNode
社会控制,newNode
澳大利亚,newNode
Small Brockhaus and Efron Encyclopedic Dictionary,newNode
东西湖区,newNode
鄂州市,newNode
lithostratigraphic unit,newNode
电视电影,newNode
行政区划类型,newNode
生物系统,newNode
编目,newNode
火山地貌,newNode
Category:Foundations (buildings and structures),newNode
raw data,newNode
解决方案,newNode
外国文学评论,newNode
content,newNode
陵墓,newNode
社会阶级,newNode
美国联邦政府,newNode
干部,newNode
巴哈马,newNode
outline of knowledge,newNode
汉南区,newNode
荆门市,newNode
subgroup,newNode
迷你剧集,newNode
人类聚居地,newNode
解剖结构,newNode
file system object,newNode
Category:Hotspots (geology),newNode
methodics,newNode
信号,newNode
Category:问题,newNode
Category:学院,newNode
教室,newNode
教育科学研究院,newNode
协调人,newNode
巴林,newNode
outline of software,newNode
Bible Encyclopedia of Archimandrite Nicephorus,newNode
蔡甸区,newNode
孝感市,newNode
主权国家,newNode
数字媒体,newNode
学术衔头,newNode
职业,newNode
会面,newNode
机械,newNode
Category:地层组,newNode
英国,newNode
日本行政区划,newNode
生物,newNode
computer science term,newNode
surroundings,newNode
Portal:技术,newNode
Office of Inspector General Department of Education,newNode
Template:管理学,newNode
巴巴多斯,newNode
Windows XP,newNode
Desktop Encyclopedic Dictionnary,newNode
江夏区,newNode
荆州市,newNode
国家,newNode
互动式多媒体,newNode
奖励,newNode
骑士文学,newNode
事件,newNode
装置,newNode
行政领土实体,newNode
Category:器官系统,newNode
文件系统,newNode
夏威夷群岛,newNode
Informetrics,newNode
Template:技术,newNode
格拉纳特百科词典,newNode
华盛顿哥伦比亚特区,newNode
Category:管理学,newNode
伯利兹,newNode
火狐浏览器,newNode
黄陂区,newNode
黄冈市,newNode
社会主义国家,newNode
互联网作品,newNode
荣誉头衔,newNode
自传,newNode
conference series,newNode
消费电子产品,newNode
Neighborhoods in Japan,newNode
器官,newNode
虚拟档案系统,newNode
Category:资讯,newNode
Category:技术,newNode
Department of Education Organization Act,newNode
百慕大,newNode
Android,newNode
langue,newNode
新洲区,newNode
咸宁市,newNode
世俗国家,newNode
计算机网络,newNode
The New Life,newNode
XP Universe,newNode
电器,newNode
中华民国,newNode
生理学,newNode
directory structure,newNode
技术史,newNode
The Nuttall Encyclopædia,newNode
Category:美国教育部,newNode
administration,newNode
不丹,newNode
SQLite,newNode
东八区,newNode
随州市,newNode
主体与客体,newNode
共和立宪制,newNode
万维网,newNode
Category:Doctor,newNode
La vita nuova,newNode
Category:研讨会,newNode
telephone network,newNode
日本,newNode
Category:文件系统目录,newNode
Kazakhstan. National encyclopedia,newNode
history of technology in Ukraine,newNode
柏拉图学院,newNode
组织,newNode
波札那,newNode
VLC media player,newNode
编程语言,newNode
杜伊斯堡,newNode
恩施土家族苗族自治州,newNode
位置,newNode
网页伺服器,newNode
La Vie nouvelle,newNode
菲利普-雷斯,newNode
日治台湾,newNode
操作系统,newNode
Academic district France,newNode
英属印度洋领地,newNode
Wikipedia:软件专题,newNode
加拉茨,newNode
仙桃市,newNode
mythological object,newNode
东亚,newNode
网站管理员,newNode
博士学位,newNode
Das Neue Leben,newNode
以利沙·格雷,newNode
Town of Taiwan under Japanese rule,newNode
information,newNode
Académie Royale,newNode
英属维尔京群岛,newNode
基辅,newNode
潜江市,newNode
虚构的对象,newNode
中国共产党,newNode
Template:Infobox website,newNode
但丁·阿利吉耶里,newNode
亚历山大·格拉汉姆·贝尔,newNode
Village of Taiwan under Japanese rule,newNode
outline of technology,newNode
汶莱,newNode
Nutq,newNode
喀土穆,newNode
天门市,newNode
物件,newNode
Category:网站,newNode
意大利,newNode
安东尼奥·穆齐,newNode
小字,newNode
Wikipedia:技术专题,newNode
柬埔寨,newNode
大分市,newNode
神农架林区,newNode
Template:Infobox object,newNode
义勇军进行曲,newNode
网页,newNode
意大利语,newNode
对话,newNode
Category:大字,newNode
喀麦隆,newNode
Wikipedia:语言专题,newNode
波尔多,newNode
Category:物品,newNode
中华文化,newNode
Category:Telephones,newNode
加拿大,newNode
曼彻斯特,newNode
陕西省,newNode
New Encyclopedic Dictionary,newNode
亚洲,newNode
website maintenance,newNode
电话的历史,newNode
荷兰加勒比区,newNode
基督城,newNode
河南省,newNode
值作为限定符,newNode
Category:Vita Nuova,newNode
开曼群岛,newNode
阿什杜德,newNode
安徽省,newNode
concrete object,newNode
北京市,newNode
Sytin Military Encyclopedia,newNode
圣诞岛,newNode
阿纳姆,newNode
江西省,newNode
Riemann's Music Dictionary (1901–1904),newNode
科科斯（基林）群岛,newNode
圣珀尔滕,newNode
湖南省,newNode
库克群岛,newNode
匹兹堡,newNode
重庆市,newNode
珠穆朗玛峰,newNode
多米尼克,newNode
曼谷,newNode
Category:湖北,newNode
艾丁湖,newNode
厄立特里亚,newNode
圣路易斯,newNode
Category:湖北人,newNode
一党制,newNode
电话铃声,newNode
埃塞俄比亚,newNode
杰尔,newNode
Category:湖北取景电影,newNode
民主集中制,newNode
福克兰群岛,newNode
科帕沃于尔,newNode
议会共和制,newNode
斐济,newNode
斯旺西,newNode
Category:Maps of Hubei,newNode
单一制,newNode
冈比亚,newNode
伊兹密尔,newNode
迦纳,newNode
武汉轨道交通2号线,newNode
中华人民共和国主席,newNode
直布罗陀,newNode
武汉轨道交通1号线,newNode
习近平,newNode
格林纳达,newNode
武汉轨道交通4号线,newNode
胡锦涛,newNode
武汉轨道交通阳逻线,newNode
人名学,newNode
分子实体,newNode
人类行为,newNode
科学文献,newNode
artistic concept,newNode
电影,newNode
分类级别,newNode
江泽民,newNode
根西,newNode
武汉轨道交通8号线,newNode
full object name,newNode
postgraduate degree,newNode
moiety,newNode
崇拜 (宗教习俗),newNode
plane,newNode
美国新好莱坞电影,newNode
infrageneric rank,newNode
杨尚昆,newNode
圭亚那,newNode
武汉轨道交通6号线,newNode
行动,newNode
属性,newNode
无名氏,newNode
institutional complex,newNode
Category:Ritual,newNode
scholarly work,newNode
compositional element,newNode
The Graduate,newNode
植物分类级别,newNode
李先念,newNode
印度,newNode
武汉轨道交通7号线,newNode
结果,newNode
未来,newNode
性状,newNode
教育组织,newNode
personal name system,newNode
qualification (degree),newNode
化学分类,newNode
Category:仪式,newNode
academic writing,newNode
构图,newNode
处女,newNode
亚节,newNode
叶剑英,newNode
爱尔兰共和国,newNode
武汉轨道交通3号线,newNode
开放时代,newNode
资源,newNode
认知,newNode
多用途名字,newNode
世界宗教研究,newNode
Template:各文化人名,newNode
副博士学位,newNode
Category:官能团,newNode
学术同行评审,newNode
前景,newNode
喜剧电视剧,newNode
宋庆龄,newNode
曼岛,newNode
武汉轨道交通11号线,newNode
mental object,newNode
Category:章姓,newNode
应用科学大学,newNode
Category:人名,newNode
Category:硕士学位,newNode
自由基,newNode
Category:论文,newNode
成年故事,newNode
植物学,newNode
朱德,newNode
以色列,newNode
Category:武汉,newNode
韦克斯勒成人智力量表,newNode
Category:校区,newNode
学术期刊文章,newNode
基于文学的电影,newNode
董必武,newNode
牙买加,newNode
Category:武汉人,newNode
韦克斯勒儿童智力量表,newNode
Zhang,newNode
约翰,newNode
university building,newNode
名字,newNode
Explanatory Dictionary of the Living Great Russian Language,newNode
核酸分子结构,newNode
剧情片,newNode
刘少奇,newNode
泽西,newNode
Category:Births in Wuhan,newNode
斯坦福-比奈智力量表,newNode
Doe,newNode
母名,newNode
论动体的电动力学,newNode
浪漫喜剧,newNode
毛泽东,newNode
肯尼亚,newNode
Category:武汉取景电影,newNode
Cattell Culture Fair III,newNode
Roe,newNode
父名,newNode
吉里巴斯,newNode
愚蠢,newNode
Nomen nescio,newNode
文学硕士,newNode
中华人民共和国国务院总理,newNode
黎巴嫩,newNode
Category:Maps of Wuhan,newNode
Category:智力,newNode
Jane Doe,newNode
laurea magistrale,newNode
迈克·尼科尔斯,newNode
李克强,newNode
莱索托,newNode
法医学,newNode
法国硕士,newNode
Calder Willingham,newNode
温家宝,newNode
利比里亚,newNode
法学,newNode
candidate,newNode
巴克·亨利,newNode
朱镕基,newNode
马达加斯加,newNode
intellect,newNode
学士,newNode
Charles Webb,newNode
李鹏,newNode
马拉维,newNode
德斯汀·荷夫曼,newNode
赵紫阳,newNode
马来西亚,newNode
安妮·班克罗夫特,newNode
华国锋,newNode
马尔代夫,newNode
凯瑟琳·萝丝,newNode
周恩来,newNode
马耳他,newNode
威廉·丹尼尔斯,newNode
中华人民共和国国务院,newNode
马绍尔群岛,newNode
伊莉沙白·威森,newNode
全国人民代表大会,newNode
毛里求斯,newNode
莫瑞·汉密尔顿,newNode
全国人民代表大会常务委员会,newNode
密克罗尼西亚联邦,newNode
Marion Lorne,newNode
中华人民共和国最高人民法院,newNode
蒙塞拉特岛,newNode
诺曼·费尔,newNode
最高人民检察院,newNode
纳米比亚,newNode
伊丽莎白·弗雷泽,newNode
中国人民银行,newNode
诺鲁,newNode
李察·德雷福斯,newNode
新西兰,newNode
rating system,newNode
scalar magnitude,newNode
俄罗斯,newNode
奈及利亚,newNode
名称,newNode
agent,newNode
music production,newNode
chess terminology,newNode
外延物理量,newNode
爱丽丝·古斯利,newNode
纽埃,newNode
能力倾向,newNode
measure,newNode
量子粒子种类,newNode
质,newNode
address,newNode
item with given name property,newNode
电脑程式设计,newNode
阿尔帕德·埃洛,newNode
ISQ base quantity,newNode
Eddra Gale,newNode
巴西,newNode
诺福克岛,newNode
爱情片,newNode
博学者,newNode
单位制,newNode
轻子,newNode
dependence,newNode
Category:地址,newNode
个体,newNode
music programmer,newNode
0 A.D.,newNode
质能等价,newNode
华特·布鲁克,newNode
阿曼,newNode
大韩民国,newNode
Category:技能,newNode
专业人士,newNode
费米子,newNode
double colon,newNode
street address,newNode
个人生活,newNode
乒乓球,newNode
力,newNode
麦克·法洛,newNode
德国,newNode
巴基斯坦,newNode
朝鲜语,newNode
Template:Infobox unit,newNode
琥珀,newNode
Category:Proportionality,newNode
邮政编码,newNode
化名,newNode
围棋,newNode
Forc,newNode
Donald F. Glut,newNode
佛得角,newNode
帛琉,newNode
Category:武汉大学,newNode
林权泽,newNode
Habilidad,newNode
education terminology,newNode
Category:度量衡,newNode
Μ子,newNode
place of destination,newNode
出生日期,newNode
国际象棋,newNode
量纲,newNode
Harry Holcombe,newNode
巴布亚新几内亚,newNode
Category:武汉大学教授,newNode
金芝美,newNode
Category:教育家,newNode
International Vocabulary of Metrology,newNode
约瑟夫·汤姆孙,newNode
关系状态,newNode
惯性原理,newNode
伊莱恩·梅,newNode
蒙古国,newNode
菲律宾,newNode
Category:武汉大学校友,newNode
彩色,newNode
教育学家,newNode
正电子,newNode
person property,newNode
Template:Peak rating of chess players,newNode
能量,newNode
Eve McVeagh,newNode
皮特凯恩群岛,newNode
selectron,newNode
年龄,newNode
Elo,newNode
千克,newNode
Kevin Tighe,newNode
也门,newNode
卢旺达,newNode
Real'nyj slovar' klassicheskih drevnostej po Ljubkeru,newNode
弱相互作用,newNode
人格性,newNode
Category:质量,newNode
罗伯特·瑟蒂斯,newNode
塞尔维亚,newNode
圣赫勒拿、阿森松和特里斯坦-达库尼亚,newNode
电磁力,newNode
珍爱奥斯汀,newNode
新加坡,newNode
圣克里斯多福与尼维斯,newNode
Jewish Encyclopedia of Brockhaus and Efron,newNode
引力,newNode
性别,newNode
ISO 80000-4:2006: Quantities and units—Part 4: Mechanics,newNode
Richard Sylbert,newNode
乌克兰,newNode
圣卢西亚,newNode
空穴,newNode
不变质量,newNode
戴夫·格鲁辛,newNode
沙特阿拉伯,newNode
法属圣马丁,newNode
ISO 80000-1:2009: Quantities and units—Part 1: General,newNode
Category:电子,newNode
社会意识,newNode
重量,newNode
劳伦斯·特曼,newNode
叙利亚,newNode
圣文森特和格林纳丁斯,newNode
允许单位约束,newNode
社会,newNode
约瑟·E·李云,newNode
萨摩亚,newNode
Category:人物,newNode
塞舌尔,newNode
富高使馆电影公司,newNode
白俄罗斯,newNode
塞拉利昂,newNode
自然人,newNode
Category:以人物命名的分类,newNode
The Graduate – Original Soundtrack Recording,newNode
土耳其,newNode
荷属圣马丁,newNode
Wikipedia:人权专题,newNode
洛杉矶,newNode
所罗门群岛,newNode
旧金山,newNode
孟加拉国,newNode
加利福尼亚州,newNode
朝鲜民主主义人民共和国,newNode
南苏丹,newNode
哈萨克斯坦,newNode
斯里兰卡,newNode
大使酒店,newNode
苏丹,newNode
希腊,newNode
斯威士兰,newNode
国家影片登记部,newNode
坦桑尼亚,newNode
维基数据元类,newNode
日,newNode
方法,newNode
大众媒体,newNode
科学期刊,newNode
奥斯卡最佳导演奖,newNode
阿拉伯联合酋长国,newNode
托克劳群岛,newNode
时间点,newNode
Network,newNode
WikiProject Q 68235346,newNode
Template:Official website,newNode
作品,newNode
奥斯卡最佳女配角奖,newNode
奥地利,newNode
东加,newNode
岛群,newNode
文本,newNode
规则,newNode
中国历史朝代,newNode
Template:Months and days,newNode
Netzwerk,newNode
研究,newNode
Template:Wikidata/P856,newNode
Category:出版品,newNode
奥斯卡最佳男主角奖,newNode
赤道几内亚,newNode
千里达及托巴哥,newNode
学术专业,newNode
英国海外领土,newNode
文献,newNode
三国,newNode
基地系列,newNode
Category:Days of the year,newNode
Réseau,newNode
Template:Official URL,newNode
玛西娅·麦克纳特,newNode
奥斯卡最佳女主角奖,newNode
波斯,newNode
特克斯和凯科斯群岛,newNode
社会科学,newNode
Category:Projects,newNode
norm,newNode
基地三部曲,newNode
Data,newNode
科学家,newNode
美国科学促进会,newNode
非洲,newNode
吐瓦鲁,newNode
economic and social sciences,newNode
胡安·百慕大,newNode
Category:标准,newNode
成都市,newNode
科幻小说,newNode
Template:Infobox occupation,newNode
WikiProject Calendar Dates,newNode
Category:科学方法,newNode
奥斯卡最佳摄影奖,newNode
阿富汗,newNode
美属维尔京群岛,newNode
经济学家,newNode
Template:Infobox article,newNode
君主制,newNode
Foundation,newNode
Category:Professions,newNode
奥斯卡最佳改编剧本奖,newNode
阿塞拜疆,newNode
乌干达,newNode
经济,newNode
天佑女王,newNode
Category:Articles from periodicals,newNode
刘备,newNode
艾萨克·阿西莫夫,newNode
outline of scientific method,newNode
Princess of Asturias Award for Communications and Humanities,newNode
奥斯卡最佳影片奖,newNode
秘鲁,newNode
商品,newNode
技术规范,newNode
刘禅,newNode
Gnome Press,newNode
乔治·波尔卡新闻奖 George Polk Award,newNode
14,newNode
欧洲联盟,newNode
服务,newNode
哈密尔顿,newNode
新闻标题,newNode
标准化,newNode
道教,newNode
no age restriction (U),newNode
埃及,newNode
万那杜,newNode
Template:Economics,newNode
byline,newNode
中国古代货币,newNode
job title,newNode
科学月报,newNode
FSK 12,newNode
辛巴威,newNode
赞比亚,newNode
Template:Economics sidebar,newNode
导言,newNode
美国英语,newNode
fails the Bechdel Test,newNode
Category:经济学,newNode
约翰·蓝钦,newNode
body of an article,newNode
Category:蜀汉,newNode
David Kyle,newNode
越南,newNode
香港,newNode
经济思想史,newNode
Premier of Bermuda,newNode
冠词,newNode
基地宇宙,newNode
委内瑞拉,newNode
法语,newNode
爱德华·戴伯·伯特,newNode
article,newNode
哈里·谢顿,newNode
微观经济学,newNode
百慕达议会,newNode
Article,newNode
Foundation's Triumph,newNode
乌拉圭,newNode
通俗拉丁语,newNode
宏观经济学,newNode
百慕大金融管理局,newNode
基地与帝国,newNode
英文系,newNode
计量经济学,newNode
主谓宾结构,newNode
公共经济学,newNode
突尼西亚,newNode
主宾格语言,newNode
教育经济学,newNode
UTC−04:00,newNode
重音节拍语言,newNode
劳动经济学,newNode
百慕达元,newNode
place–manner–time,newNode
美元,newNode
多哥,newNode
屈折语,newNode
经济活动,newNode
Bermudian pound,newNode
泰国,newNode
属格,newNode
economics,newNode
英镑,newNode
主格,newNode
百慕达国际机场,newNode
塔吉克斯坦,newNode
间接格,newNode
Wikipedia:经济学专题,newNode
百慕大旗帜,newNode
瑞士,newNode
已然语气,newNode
百慕大纹章,newNode
瑞典,newNode
虚拟语气,newNode
左,newNode
苏利南,newNode
阳性,newNode
NEMA 1-15,newNode
feminine,newNode
NEMA 5-15,newNode
neuter,newNode
弗吉尼亚自治领,newNode
西班牙,newNode
first-person singular,newNode
.bm,newNode
second-person singular,newNode
Portal:Bermuda,newNode
third-person masculine singular,newNode
Category:百慕大,newNode
索马里,newNode
third-person feminine singular,newNode
Category:百慕达人,newNode
third-person neuter singular,newNode
Category:Death in Bermuda,newNode
first-person plural,newNode
911按钮,newNode
塞内加尔,newNode
second-person plural,newNode
百慕大地理,newNode
圣多美和普林西比,newNode
third-person plural,newNode
英语字母,newNode
萧伯纳字母,newNode
outline of Bermuda,newNode
罗马尼亚,newNode
月份,newNode
Category:Maps of Bermuda,newNode
刚果共和国,newNode
宗教,newNode
葡萄牙,newNode
星期中的日子,newNode
波兰,newNode
区域居民称谓词,newNode
巴拿马,newNode
专有名词,newNode
巴勒斯坦,newNode
英国手势英语,newNode
挪威,newNode
1 无危,newNode
1 National,newNode
荷兰,newNode
苏格兰,newNode
尼泊尔,newNode
威尔斯,newNode
缅甸,newNode
莫桑比克,newNode
摩洛哥,newNode
Portal:English,newNode
learner,newNode
群体,newNode
墨西哥,newNode
Category:英语,newNode
法人,newNode
英语史,newNode
Category:学生,newNode
政治领土实体,newNode
毛里塔尼亚,newNode
Great Soviet Encyclopedia (1926–1947),newNode
马里共和国,newNode
Encyclopedic Lexicon,newNode
国际公法主体,newNode
public treasury,newNode
公认发音,newNode
国有,newNode
Template:Infobox country,newNode
澳大利亚英语,newNode
Category:State (polity),newNode
卢森堡,newNode
印度英语,newNode
Category:State,newNode
立陶宛,newNode
加拿大英语,newNode
利比亚,newNode
英式英语,newNode
苏格兰英语,newNode
老挝,newNode
爱尔兰英语,newNode
构成国,newNode
吉尔吉斯斯坦,newNode
威尔士英语,newNode
联邦制下的州,newNode
魁北克英语,newNode
国籍,newNode
加勒比海英语,newNode
非洲裔美国人白话英语,newNode
self-proclaimed state,newNode
科特迪瓦,newNode
英文,newNode
Ingles,newNode
伊拉克,newNode
Inglés,newNode
印度尼西亚,newNode
Yingwen,newNode
冰岛,newNode
Oldspeak,newNode
几内亚比索,newNode
几内亚,newNode
Category:英语电影,newNode
Category:English pronunciation,newNode
加蓬,newNode
芬兰,newNode
厄瓜多尔,newNode
东帝汶,newNode
吉布提,newNode
丹麦,newNode
刚果民主共和国,newNode
捷克,newNode
赛普勒斯,newNode
古巴,newNode
克罗地亚,newNode
葛摩,newNode
阿尔巴尼亚,newNode
阿尔及利亚,newNode
安哥拉,newNode
阿根廷,newNode
比利时,newNode
中非共和国,newNode
贝宁,newNode
乍得,newNode
玻利维亚,newNode
保加利亚,newNode
蒲隆地,newNode
智利,newNode
亚美尼亚,newNode
科索沃,newNode
梵蒂冈,newNode
匈牙利,newNode
联合国,newNode
世界贸易组织,newNode
上海合作组织,newNode
二十国集团,newNode
亚太经济合作组织,newNode
国际复兴开发银行,newNode
国际开发协会,newNode
国际金融公司,newNode
多边投资担保机构,newNode
国际投资争端解决中心,newNode
非洲开发银行,newNode
非洲联盟-联合国达尔富尔混合行动,newNode
Association of Southeast Asian Nations Regional Forum,newNode
亚洲开发银行,newNode
金砖国家,newNode
加勒比开发银行,newNode
联合国安全理事会,newNode
国际刑警组织,newNode
核供应国集团,newNode
禁止化学武器组织,newNode
国际航道测量组织,newNode
联合国教育、科学与文化组织,newNode
Group on Earth Observations,newNode
万国邮政联盟,newNode
国际电信联盟,newNode
元旦,newNode
春节,newNode
国际妇女节,newNode
清明节,newNode
国际劳动节,newNode
五四青年节,newNode
中国大陆儿童节,newNode
中秋节,newNode
中华人民共和国国庆节,newNode
广州话,newNode
Buyuan Jinuo,newNode
Youle Jinuo,newNode
Southern Guiyang language,newNode
Southern Bai,newNode
Central Bai,newNode
Northern Qiandong Miao,newNode
白马语,newNode
鄂伦春语,newNode
Tinani,newNode
Kaduo,newNode
嘉绒语,newNode
金门方言,newNode
瓦乡话,newNode
U,newNode
Katso,newNode
Chadong,newNode
黎语,newNode
莽语,newNode
Choyo,newNode
撒尼语,newNode
五屯话,newNode
仡隆语,newNode
普标语,newNode
苗语滇东北次方言,newNode
木雅语,newNode
中国手语,newNode
标话,newNode
佤语,newNode
勉方言,newNode
Muda,newNode
民讲,newNode
Micha language,newNode
Axi language,newNode
佯僙语,newNode
Azha,newNode
Moji,newNode
Azhe,newNode
Tai Ya,newNode
卫藏方言,newNode
Muzi,newNode
畲语,newNode
巴哼语,newNode
布朗语,newNode
布芒语,newNode
粤语,newNode
Biao Min language,newNode
Ai-Cham,newNode
Naluo language,newNode
Zokhuo,newNode
文麻壮语,newNode
砚广壮语,newNode
Paha language,newNode
临高语,newNode
Bit,newNode
桑孔语,newNode
Phupha language,newNode
Choni,newNode
西摩洛语,newNode
柔若语,newNode
Pholo,newNode
Phola language,newNode
草苗,newNode
阿车语,newNode
苗语支,newNode
Samatao,newNode
Samei,newNode
Gepo,newNode
Bugan,newNode
⿰亻革家话,newNode
Awu Yi language,newNode
Tseku,newNode
山苏语,newNode
Dzao Min,newNode
Guiqiong,newNode
拉坞戎语,newNode
水语,newNode
Sanie,newNode
仫佬语,newNode
毛南语,newNode
Hu,newNode
康家语,newNode
红金傣语,newNode
Sonaga,newNode
Small Flowery Miao,newNode
加茂语,newNode
傣端语,newNode
Man Met,newNode
堂郎语,newNode
Thopho,newNode
拉珈语,newNode
Khlula,newNode
阿罗语,newNode
Mak,newNode
Kathu,newNode
Akeu,newNode
尔苏语,newNode
Kon Keu,newNode
Kua-nsi,newNode
Kuan language,newNode
Kuamasi,newNode
苗语川黔滇次方言,newNode
内蒙古方言,newNode
Bolyu,newNode
勒期语,newNode
Lang'e,newNode
Lawu,newNode
Lamu,newNode
Lama language,newNode
德靖壮语,newNode
邕南壮语,newNode
邕北土语,newNode
布依语,newNode
苗语罗泊河次方言,newNode
Pa Di,newNode
右江壮语,newNode
阿迪语,newNode
闽中语,newNode
彝语中部方言,newNode
Hm Nai language,newNode
义都语,newNode
怒苏语,newNode
傈僳语,newNode
晋语,newNode
独龙语,newNode
达让语,newNode
Limi,newNode
傣担语,newNode
东红水河壮语,newNode
Lachi,newNode
左江壮语,newNode
布努语,newNode
Mili,newNode
安多方言,newNode
Groma,newNode
徽语,newNode
莆仙语,newNode
羌语,newNode
Southern Qiang,newNode
阿昌语,newNode
拉乌语,newNode
阿卡语,newNode
康方言,newNode
诶话,newNode
侗语,newNode
载瓦语,newNode
Laomian,newNode
尔龚语,newNode
Honi,newNode
Piyo language,newNode
纳木依语,newNode
波拉语,newNode
Zakhring,newNode
拉祜语,newNode
Lipo,newNode
哈尼语,newNode
闽东语,newNode
闽北语,newNode
越南语,newNode
闽南语,newNode
柯尔克孜语,newNode
夏尔巴语,newNode
德宏傣语,newNode
哈萨克语,newNode
傣仂语,newNode
Zhaba,newNode
史兴语,newNode
格曼语,newNode
Kiong Nai,newNode
优诺语,newNode
维吾尔语,newNode
壮语,newNode
锡伯语,newNode
仓洛语,newNode
艾努语,newNode
达斡尔语,newNode
东乡语,newNode
保安语,newNode
客家话,newNode
克木语,newNode
鄂温克语,newNode
东部裕固语,newNode
景颇语,newNode
伊犁土尔克语,newNode
满语,newNode
色勒库尔语,newNode
西部裕固语,newNode
回辉话,newNode
彝语北部方言,newNode
撒拉语,newNode
土族语,newNode
藏语,newNode
吴语,newNode
Awa,newNode
Langnian Buyang,newNode
Northern Pumi,newNode
Hmong Njua,newNode
Hmong Daw,newNode
Southern Pumi,newNode
Parauk,newNode
Red Gelao,newNode
Yerong,newNode
White Gelao,newNode
Biao Mon,newNode
木佬语,newNode
Alugu,newNode
Southern Tujia,newNode
Panyi Bai,newNode
Southern Lolopo,newNode
Kyerung,newNode
Lopi,newNode
Wusa Nasu,newNode
Xishanba Lalo,newNode
Nisi language,newNode
Dongshanba Lalo,newNode
Eastern Lalu,newNode
Western Lalu,newNode
Central Mashan language,newNode
Southern Qiandong language,newNode
Northern Mashan language,newNode
Southern Mashan language,newNode
Rumai Palaung,newNode
Central Huishui language,newNode
Eastern Huishui language,newNode
Southwestern Huishui language,newNode
Western Mashan language,newNode
Northern Guiyang language,newNode
Lhomi,newNode
A'ou,newNode
E'ma Buyang,newNode
Qau,newNode
Northern Dong,newNode
Guibei Zhuang,newNode
Liujiang Zhuang,newNode
Guibian Zhuang,newNode
Qiubei Zhuang,newNode
Ayizi,newNode
China Buriat,newNode
Narua,newNode
Northern Nisu,newNode
Wumeng Nasu,newNode
Lahu Shi,newNode
Hmong Shua,newNode
Stodse,newNode
Wuding-Luquan Yi,newNode
Eastern Nisu,newNode
Chesu,newNode
Wunai Bunu,newNode
Southwestern Guiyang language,newNode
Northern Huishui language,newNode
Kemiehua,newNode
Eastern Qiandong language,newNode
Alo Phola,newNode
Phala,newNode
Ani Phowa,newNode
Northwestern Nisu language,newNode
Phupa language,newNode
Phuza language,newNode
Qila Muji,newNode
Northern Muji,newNode
Southern Muji language,newNode
Southern Nisu language,newNode
Southwestern Nisu language,newNode
Bokha language,newNode
Liuqian Zhuang,newNode
Labo Phowa,newNode
Horned Miao language,newNode
Hlepho Phowa language,newNode
Lianshan Zhuang,newNode
Phuma language,newNode
Central Hongshuihe Zhuang,newNode
门巴语,newNode
中华民国 (1912–1949),newNode
内蒙古人民共和国,newNode
汉族,newNode
壮族,newNode
中国蒙古族,newNode
回族,newNode
藏族,newNode
维吾尔族,newNode
苗族,newNode
彝族,newNode
布依族,newNode
中国朝鲜族,newNode
满族,newNode
瑶族,newNode
白族,newNode
土家族,newNode
哈尼族,newNode
中国哈萨克族,newNode
黎族,newNode
傈僳族,newNode
侗族,newNode
G4集团,newNode
五国集团,newNode
China-CELAC Forum,newNode
天津市,newNode
河北省,newNode
山西省,newNode
内蒙古自治区,newNode
辽宁省,newNode
吉林省,newNode
黑龙江省,newNode
上海市,newNode
江苏省,newNode
浙江省,newNode
福建省,newNode
山东省,newNode
广东省,newNode
广西壮族自治区,newNode
海南省,newNode
四川省,newNode
贵州省,newNode
云南省,newNode
西藏自治区,newNode
甘肃省,newNode
青海省,newNode
宁夏回族自治区,newNode
新疆维吾尔自治区,newNode
澳门,newNode
台湾省,newNode
平原省,newNode
北京时间,newNode
人民币,newNode
天安门,newNode
苏联,newNode
中华人民共和国国旗,newNode
中华人民共和国国徽,newNode
右,newNode
欧式插头,newNode
AS/NZS 3112,newNode
“不自由”国家,newNode
.cn,newNode
.中国,newNode
Portal:中华人民共和国,newNode
Template:China topics,newNode
Category:中华人民共和国,newNode
Category:中国人,newNode
Category:Births in China,newNode
Category:中国非正常死亡人物,newNode
Category:中国取景电影,newNode
119,newNode
110 (紧急电话号码),newNode
120,newNode
中国地理,newNode
中华人民共和国历史,newNode
Nordisk familjebok,newNode
WikiProject Zika Corpus,newNode
中华人民共和国概述,newNode
Category:中国地图,newNode
