title,url,image,openTypeList,detail,baseInfoKeyList,baseInfoValueList
bm,http://www.baike.com/wiki/bm,http://a2.att.hudong.com/30/46/50200014992522154422465355650_s.jpg,,《血色星期一》是日本TBS电视台制作并播出的11集剧情电视剧。由平野俊一、波多野贵文、宫下健作导演，莳田光冶、渡边雄介编剧，三浦春马、吉濑美智子、片濑那奈、芦名星、藤井美菜等主演，于2008年10月11日首播 。 该剧改编自龙门谅、惠广史所著同名漫画作品，讲述了一名天才黑客，和最凶恶的病毒恐怖组织血色星期一正面对抗的故事 。,中文名：##外文名：##别名：##主要演员：##导演：##编剧：##类别：##全部集数：##每集长度：##首播时间：##出品公司：##发行公司：##拍摄地点：##制片地点：##出品时间：##上映时间：##制片人：##漫画原作：,bm##ブラッディ・マンデイ##天才骇客F##三浦春马，吉濑美智子，片濑那奈，芦名星，藤井美菜，田中哲司##平野俊一、波多野贵文、宫下健作##莳田光冶、渡边雄介##剧情##11集##50分钟##2008年10月11日##TBS电视台##TBS电视台##日本##日本##2008年10月11日##2008年10月11日##莳田光冶、神户明、樋口优香##龙门谅，惠广史
汉,http://www.baike.com/wiki/汉,http://a0.att.hudong.com/03/38/50200014992522154424387475578_s.jpg,,武汉，简称“汉”，别称江城，是湖北省省会、副省级市、中央军委联勤保障部队驻地，国务院批复确定的中国中部地区的中心城市，全国重要的工业基地、科教基地和综合交通枢纽。截至2018年，全市下辖13个区，总面积8494.41平方千米，建成区面积628平方千米，常住人口1108.1万人，城镇人口889.69万人，城镇化率80.2%，是中部六省唯一的特大城市。,中文名：##拼音：##繁体：##笔画：##部首：##五笔码：##仓颉码：##郑码：##四角号码：##UniCode：##结构：##注音字母：##造字法：##异体字：##字    级：,汉[武汉简称]##hàn##漢##5##氵##ICY##EE##VXS##37140##CJK统一汉字-6C49##合体字，左右结构##ㄏㄢˋ##形声字##㵄、##一级（0311）
精神,http://www.baike.com/wiki/精神,http://a2.att.hudong.com/64/01/50200009239445155966011440354_s.jpg,,按照黑格尔哲学，人的意识包含精神、思维两部分，精神是意识的一部分，精神又包含人的情感、意志等心理状态。精神是人的生命体征的直接反映。,名称：##拼音：##出处：##释义：,精神##jīng shén##吕氏春秋·尽数##指人的意识、思维活动和一般心理状态
文章,http://www.baike.com/wiki/文章,http://a2.att.hudong.com/60/68/20300001024098156240680765421_s.jpg,人物##娱乐人物,文章，1984年6月26日出生于陕西省西安市，中国内地男演员、导演。2006年毕业于中央戏剧学院表演系。,中文名：##英文名：##别名：##性别：##出生日期：##国籍：##籍贯：##出生地：##民族：##毕业院校：##身高：##体重：##职业：##主要成就：##代表作品：##出道地区：##经纪公司：##星座：##血型：,文章##Wen Zhang##小文，猫儿##男##1984年##中国##陕西西安##陕西省西安市雁塔区##满族##西安铁一中→陕西师大附中→中央戏剧学院表演系（2002级）##172cm##60kg##演员、导演、剧本筹划##第31届大众电影百花奖最佳男主角##第31届中国电影金鸡奖最佳导演处女作奖##第26届中国电视金鹰奖观众喜爱的男演员##雪豹、裸婚时代、失恋33天、海洋天堂、小爸爸##内地##北京君竹影视文化有限公司##巨蟹座##O型
基地,http://www.baike.com/wiki/基地,http://a4.att.hudong.com/75/61/50200009239445155794616104646_s.jpg,,“基地”组织（阿拉伯文：قاعدة‎，意为“基地”），港澳台译盖达组织，马新译作卡伊达组织；又译凯达组织、开打组织，是一个伊斯兰教军事组织，该组织于1988年苏联入侵阿富汗斯坦后期创立，创立者是沙特阿拉伯富商本·拉登。,中文名称：##外文名：##别名：##总部所在地：##成立时间：##重要事件：,基地##AL-Qaeda##阿盖达组织##阿富汗##1988年##9·11事件
项目,http://www.baike.com/wiki/项目,http://a4.att.hudong.com/41/77/50200009239445155971772481146_s.jpg,社会科学##科学##萃智,项目是人们通过努力，运用新的方法，将人力的、材料的和财务的资源组织起来，在给定的费用和时间约束规范内，完成一项独立的、一次性的工作任务，以期达到由数量和质量指标所限定的目标。,名称：##拼音：##释义：##：##企业性质：##版权所有：##法文名：##俄文名：##韩文名：,项目##xiangmu##指一系列独特的、复杂的并相互关联的活动，这些活动有着一个明确的目标或目的，必须在特定的时间、预算、资源限定内，依据规范完成##不花钱营销##慈善事业##穷人智富网集团##projet##проект##계획
志愿,http://www.baike.com/wiki/志愿,http://a4.att.hudong.com/48/65/20300576610303158117656563562_s.jpg,,志愿，汉语词汇。,名称：##拼音：##释义：##外文名称：,志愿##zhì yuàn##志气与心愿##aspiration
程序,http://www.baike.com/wiki/程序,http://a3.att.hudong.com/05/26/50200009239445155957261802514_s.jpg,计算机语言##软件,在国标《质量管理体系 基础和术语》GB/T19000—2008/ISO9000：2005中第3.4.5条 程序procedure中对于“程序”的定义进行了规定。,中文名：##定义：##类型：##规定：,程序##进行某项活动或过程所规定的途径##管理术语##质量管理体系基础和术语
费用,http://www.baike.com/wiki/费用,http://a1.att.hudong.com/53/54/50200009239445155965546649423_s.jpg,,费用（expense），是企业在日常活动中发生的会导致所有者权益减少的、与向所有者分配利润无关的经济利益的总流出。,中文名称：##外文名称：##所属领域：##中文名：##其他外文名：##拼音：##定义：##类型：##应用领域：,费用##expense##经济 产业经济 会计名词 经济专业术语##费用##expense##fei yong##是企业在日常活动中发生的会导致所有者权益减少的、与向所有者分配利润无关的经济利益的总流出##会计学术语##企事业单位
考生,http://www.baike.com/wiki/考生,http://a0.att.hudong.com/22/34/50200009239445155966349904917_s.jpg,二字一般称谓##考试术语##高考,考生是指参加考试的学生。考试是测定学生学习情况的一种途径，现在的教育选拔人才还是主要依靠考试。,中文名：##英文名：##拼音：##定义：##类型：##目的：,考生##xaminee##kǎo shēng##指参加考试的学生##入学考试、期中期末考试等##测定学生学习情况，教育选拔人才
标准,http://www.baike.com/wiki/标准,http://a3.att.hudong.com/11/71/50200009239445155972718820976_s.jpg,IT服务创新##中国地质##分子生物学##哲学理论##地质学##基本物理概念##天文学##数学术语##术语##机械##机械零件##条形码##物理学##环境工程##生物化学##科学##羽毛球##自然科学##防护手套,标准是对重复性事物和概念所做的统一规定，他以科学技术和实践经验的结合成果为基础，经有关方面协商一致，由主管机构批准，以特定形式发布作为共同遵守的准则和依据。,中文名：##拼音：##应用学科：##适用范围：##领域：,标准##biāo zhǔn##哲学，技术，化学，测量学等##效率，玩具，医学设备##机器和工具的安全，可靠性
edu,http://www.baike.com/wiki/edu,http://a3.att.hudong.com/70/49/50200009239445155965491102131_s.jpg,,edu 是互联网的通用顶级域名之一，主要供教育机构，如各类学校及各类教育院校使用。它原供全世界的教育机构使用，但实际使用的教育机构大部份位于美国。,名称：##释义：##主要供给：##使用者位于：,EDU##互联网的通用顶级域名之一##教育机构##使用的教育机构大部份位于美国
http,http://www.baike.com/wiki/http,//www.huimg.cn/entry/images/summary_default270x233.png,,"超文本传输协议（HTTP，HyperText Transfer Protocol)是互联网上应用最为广泛的一种网络协议。所有的WWW文件都必须遵守这个标准。设计HTTP最初的目的是为了提供一种发布和接收HTML页面的方法。1960年美国人Ted Nelson构思了一种通过计算机处理文本信息的方法，并称之为超文本（hypertext）,这成为了HTTP超文本传输协议标准架构的发展根基。Ted Nelson组织协调万维网协会（World Wide Web Consortium）和互联网工程工作小组（Internet Engineering Task Force ）共同合作研究，最终发布了一系列的RFC，其中著名的RFC 2616定义了HTTP 1.1。",中文名称：##外文名：##英文全称：##目的：,超文本传输协议##HTTP##HyperText Transfer Protocol##提供一种发布和接收页面的方法
省部级,http://www.baike.com/wiki/省部级,http://a0.att.hudong.com/78/35/50200009239445155357351093102_s.jpg,公务员,省部级一般是指国家、各部委、各机构、各局、（主任、局长、署长）的正副部长级领导，中共中央、国务院、全国人大常委会，全国政协（正副秘书长）、最高人民检察院常务副检察长（党组副书记）和副检察长，最高人民法院常务副院长（党组副书记）和副院长、中央管理的企业和高校正副部长级领导，中央巡视组（组长副组长） 中央巡视组（正部级巡视专员、副部级巡视专员）、 中共中央纪委派驻的机构和部委的纪检组长、（自治区 、省、直辖市 ）党委、政府、人大常委会、政协正副职 领导。（副省级城市）党委、政府、人大常委会、政协正职领导、（自治区 、省、直辖市 ）人民检察院检察长、人民法院院长。,中文名：##英文名：##解释：##举例：##地区：##领域：,省部级##provincial level##国家各部委局正副部长等##中央组织部、宣传常务副部长等##中国##政治
人数,http://www.baike.com/wiki/人数,http://a4.att.hudong.com/65/93/50200009239445155972938129161_s.jpg,,人数，就是人的总数，一个对人数量的数额。通常使用数字来具体统计，有时也用一个大概的范围来估计。,名称：##拼音：##出处：##释义：##文学体裁：##【注音】：,人数##rén shù##《庄子·达生》##人的总数/众人，人的数目##词语##ㄖㄣˊ ㄕㄨˋ
科研,http://www.baike.com/wiki/科研,http://a0.att.hudong.com/38/03/20300576614166158477036578418_s.jpg,生活##社会##科学##自然辩证法名词,一般是指利用科研手段和装备，为了认识客观事物的内在本质和运动规律而进行的调查研究、实验、试制等一系列的活动，为创造发明新产品和新技术提供理论依据。科学研究的基本任务就是探索、认识未知。,中文名：##英文名：##定义：##类型：##起 源：,科学研究##Scientific research##指利用科研手段和装备进行的活动##基础研究，应用研究等##科学研究起源于问题
经济学,http://www.baike.com/wiki/经济学,http://a2.att.hudong.com/07/98/20300544386288157397987700242_s.jpg,,经济学（Economics），是研究人类经济活动的规律即价值的创造、转化、实现的规律——经济发展规律的理论，分为政治经济学与科学经济学两大类型。,中文名：##英文名：##起源：##所属学科：,经济学##Economics##中国古代经济学##社会科学
点击数,http://www.baike.com/wiki/点击数,//www.huimg.cn/entry/images/summary_default270x233.png,DVD,点击数，是DNL误差的数学积分，即一个具有良好INL的ADC保证有良好的DNL。,,
格式,http://www.baike.com/wiki/格式,http://a1.att.hudong.com/45/44/50200009239445155514444414024_s.jpg,,格式，是汉语词汇，汉语拼音为gé shì，指官吏处事的规则法度。语出《北史·崔仲方传》：“时武帝 阴有灭齐志， 仲方献二十策，帝大奇之。复与少内史赵芬删定格式。”,,
科学,http://www.baike.com/wiki/科学,http://a4.att.hudong.com/42/69/50200014992522154424698464636_s.jpg,书刊##刊物,《科学》（英语：Science）是美国科学促进会（英语：American Association for the Advancement of Science，AAAS）出版的一份学术期刊，为全世界最权威的学术期刊之一。《科学》是发表最好的原始研究论文、以及综述和分析当前研究和科学政策的同行评议的期刊之一。该杂志于1880年由爱迪生投资1万美元创办，于1894年成为美国最大的科学团体“美国科学促进会”（American Association for the Advancement of Science ，AAAS)的官方刊物。全年共51期，为周刊，全球发行量超过150万份。,名称：##英文名：##语种：##主编：##出版周期：##官方网站：##学科：##出版历史：##出版者：##投资人：##投资金额：,科学##Science##英语##Marcia McNutt##一周##http://www.sciencemag.org/##多学科##1880年至今##美国科学促进会（AAAS）##爱迪生##1万
网络,http://www.baike.com/wiki/网络,http://a2.att.hudong.com/75/35/20300001128119143438357291824_s.jpg,,网络是由若干节点和连接这些节点的链路构成，表示诸多对象及其相互联系。在数学上，网络是一种图，一般认为专指加权图。网络除了数学定义外，还有具体的物理含义，即网络是从某种相同类型的实际问题中抽象出来的模型。在计算机领域中，网络是信息传输、接收、共享的虚拟平台，通过它把各个点、面、体的信息联系到一起，从而实现这些资源的共享。网络是人类发展史来最重要的发明，提高了科技和人类社会的发展。,中文名：##英文名：##俄语：##拉丁语：##法语：##日语：##韩语：,网络##Network##сеть##retiacula##Réseau##ネットワーク##네트워크
机制,http://www.baike.com/wiki/机制,http://a0.att.hudong.com/12/99/50200009239445155962997603307_s.jpg,医学名词##基本物理概念##机械##汉语##物理学##理论##社会学##社会学基本概念##社会学研究理论##经济学##计算机术语##计算机科学技术名词##语言,机制，是指各要素之间的结构关系和运行方式。,名称：##拼音：##出处：##释义：,机制##jī zhì##《汕头海关歌寄伯瑶》##有机体的构造
日期,http://www.baike.com/wiki/日期,http://a3.att.hudong.com/70/43/50200009239445155979436330685_s.jpg,,日期是一个汉语词汇，读音为rì qī，意思是约定的日子和时间；指发生某一事情的确定的日子或时期。《元史·郝经传》等均有相关记载。,名称：##拼音：##释义：##近义词：##外文名称：##注音：##示例：##引证解释：##基本解释：##词性：,日期##rì qī##约定的日子和时间##日历##date##ㄖˋ　ㄑㄧˊ##邮戳上的日期模糊不清##指发生某一事情的确定的日子##邮戳上的日期模糊不清##名词
官网,http://www.baike.com/wiki/官网,http://a3.att.hudong.com/10/06/20300543894912146892065816516_s.jpg,互联网,官方网站（Official website，简称官网）是公开团体主办者，体现其意志想法，团体信息公开，并带有专用、权威、公开性质的一种网站。官方网站的重要性：品牌形象的第一站、最及时的信息传播途径、JCG最权威的对外信息标准。官方网站的推广：SEO及付费推广、网络链接、网络垂直媒体硬广、地面媒体硬广、名片口碑。,网站名称：##外文名：##别称：##推广：##重要性：##常用域名：##官方：,官方网站##Official website##官方网站##SEO及付费推广##品牌形象的第一站##gov、edu、com##公家方面的部门，多指政府
时间,http://www.baike.com/wiki/时间,http://a3.att.hudong.com/54/67/50200009239445155865677431728_s.jpg,,时间，是物质的运动、变化的持续性、顺序性的表现，包含时刻和时段两个概念。时间是人类用以描述物质运动过程或事件发生过程的一个参数，确定时间，是靠不受外界影响的物质周期变化的规律。以地球自转为基础的时间计量系统称为世界时系统。日、月、年、世纪的时间计量属天文学中的历法范畴。以地球自转运动为基础的时间单位称为“日”，以月球绕地球公转运动为基础的时间单位称为“月”，以地球绕太阳公转运动为基础的时间单位称为“年”。,中文名称：##外文名：##符号：##拼音：##基本单位：##常用单位：,智谋家族##请输入该人物的其它外文名，如日文、德文##t##shí jiān##秒、S##毫秒ms、分min、小时h、日d
家,http://www.baike.com/wiki/家,http://a4.att.hudong.com/54/74/01300000249013122405744054511_s.jpg,,家，现代汉语常用字、一级字，读作jiā，最早见于甲骨文，其本意是屋内、住所，《史记·乐毅列传》：“乐羊死，葬于灵寿，其后子孙因家焉。”引申为安家落户、定居，家还可引申为自己家庭的住房、室内及机关部队等单位的住地等意。,拼音：##繁体：##笔画：##部首：##释义：,"jiā##家##10##宀##家 (会意。甲骨文字形,上面是“宀”,表示与室家有关,下面是“豕”,即猪。古代生产力低下,人们多在屋子里养猪,所以房子里有猪就成了人家的标志。本义:屋内,住所)"
人才,http://www.baike.com/wiki/人才,http://a3.att.hudong.com/78/06/20300542533328139970065182371_s.jpg,,人才，是指具有一定的专业知识或专门技能，进行创造性劳动并对社会作出贡献的人，是人力资源中能力和素质较高的劳动者。人才是我国经济社会发展的第一资源。,名称：##拼音：##出处：##反义词：##外文名称：##注 音：,人才[词语概念]##rén cái##《易经》##白痴、庸才##Talent##ㄖㄣˊ ㄘㄞˊ
在校生,http://www.baike.com/wiki/在校生,http://a0.att.hudong.com/40/68/50200009239445155514681878178_s.jpg,,在校生，是一款聚焦学生最后一公里服务的多功能手机APP软件，由北京慧校网络科技有限公司全力打造，为高校的同学提供两大模块：校园超市和跳蚤市场。,,
刊物,http://www.baike.com/wiki/刊物,http://a1.att.hudong.com/73/31/50200009239445155972313562824_s.jpg,,刊物，登载各类作品的定期或不定期的连续出版物。一般名称固定，按顺序编号，装订成册。根据其发行对象（受众）来划分，分为内部刊物和公开发行两种。,名称：##拼音：##释义：##外文名称：##注 音：##示 例：,刊物##kān wù##登载各类作品的定期或不定期的连续出版物##publication##ㄎㄢ ㄨˋ##儿童刊物
营员,http://www.baike.com/wiki/营员,//www.huimg.cn/entry/images/summary_default270x233.png,,"详细解释/营员 编辑


			
		清代绿旗兵的武官。清 昭梿 《啸亭杂录·朱白泉狱中上百朱二公书》：“拨荡为购，减厅员冒销之利；按束交方，拂营员偷换之欲。”《清史稿·兵志一》：“驻防兵以佐领领之；绿旗兵以营员领之，而特设将军为之总辖。”",,
重点,http://www.baike.com/wiki/重点,http://a4.att.hudong.com/04/99/50200009239445155972995895677_s.jpg,数学名词##数学术语##术语##科学##自然科学,基本解释：,名称：##拼音：##出处：##释义：##例句：,重点##zhòng diǎn##《青年团的工作要照顾青年的特点》##指主要的或重要的一个或几个部分 在一幅风景画中被用作重点的植物##“青年团的工作……重点要放在多数，不要只看到少数”
成果,http://www.baike.com/wiki/成果,http://a2.att.hudong.com/71/70/50200009239445155862701098512_s.jpg,,成果意为成全，成立。是收获到的果实，常用于指工作或事业方面的成就。也可指指学习、工作、劳动上的成效和成绩。,名称：##拼音：##释义：##外文名称：##国 籍：##民 族：##出生地：,成果##chénɡ ɡuǒ##成全，成立##achievement；fruit；gain；positive result；harvest##中国##壮族##广西
政策,http://www.baike.com/wiki/政策,http://a1.att.hudong.com/07/01/50200009239445155965019307234_s.jpg,,国家政权机关、政党组织和其他社会政治集团为了实现自己所代表的阶级、阶层的利益与意志，以权威形式标准化地规定在一定的历史时期内，应该达到的奋斗目标、遵循的行动原则、完成的明确任务、实行的工作方式、采取的一般步骤和具体措施。,名称：##拼音：##释义：##外文名称：##目的：##实质：##形式：,政策##zhèng cè##国家政权机关、政党组织和其他社会政治集团采取的一般步骤和具体措施##policy##实现利益与意志##观念化、主体化、实践化反映##权威形式标准化规定
原件,http://www.baike.com/wiki/原件,http://a4.att.hudong.com/83/89/50200009239445155970895323443_s.jpg,档案##法律##法律术语##社会,包括有档案原件，户口原件、保密文件、商标原件、限制文件、法律原件和其他文件 原件等。,中文名：##定义：##包 括：##意 义：,原件##最初产生区别于复制件的原始文件##档案原件，户口原件、保密文件##有更高的法律效应
全文,http://www.baike.com/wiki/全文,http://a3.att.hudong.com/25/04/20200005812996154864047768650_s.jpg,汉语##词典##词汇##词语,全文，指文章、文件等的所有文字。,名称：##拼音：##出处：##释义：,全文##quán wén##《吹网录·开赵埋铭》##整篇文章；文章的全部文字
世界,http://www.baike.com/wiki/世界,http://a2.att.hudong.com/10/78/01300542501271140003782587220_s.jpg,,世界（world）广义上来讲，就是全部、所有、一切。现在一般来讲世界指的是人类赖以生存的地球。世界也代称有天地、天下、此岸、世间、万物、世上等。,名称：##拼音：##外文名称：##原 意：##法 译：##德 译：##俄 译：##日 译：##注 音：,世界##shì jiè##World##大自然的总名##monde##welt##мир##世界##ㄕˋ ㄐㄧㄝˋ
教务,http://www.baike.com/wiki/教务,http://a0.att.hudong.com/78/19/50200009239445155979191979003_s.jpg,,教务，是汉语词汇，解释为有关教学活动的行政事务。,名称：##拼音：##释义：##外文名称：,教务vvvvvvvvv##jiào wù##有关教学活动的行政事务##Educational administration
武汉市,http://www.baike.com/wiki/武汉市,http://a2.att.hudong.com/71/27/50200009239445155800279892550_s.jpg,城市,武汉，简称“汉”，别称“江城”，是湖北省省会，中部六省唯一的副省级市和特大城市，中国中部地区的中心城市，长江经济带核心城市，全国重要的工业基地、科教基地和综合交通枢纽，中央军委联勤保障部队驻地。全市下辖13个市辖区，总面积8494.41平方公里，2018年常住人口1108.1万人，地区生产总值1.48万亿元。,中文名：##外文名：##别称：##所属地区：##面积：##人口：##GDP：##地理位置：##著名景点：##市花、市树：##机场：##电话区码：##政府驻地：##火车站：##行政类别：##地方方言：##著名学校：##车牌代码：##地区生产总值：##现任领导：##城镇人均收入：##城市类别：##城市精神：##气候条件：##市长：##邮政编码：##下辖区域：,武汉##Wuhan##江城、大武汉、九省通衢、东方芝加哥##中国华中地区 湖北省##8494.41平方公里##1091.4万（2017年）##123111元（2017年）##江汉平原东部，长江、汉江交汇处##东湖、黄鹤楼、木兰天池、汉口租界、归元寺、欢乐谷、汉口江滩等##市树：水杉；市花：梅花##武汉天河国际机场、顺丰国际机场##027##江岸区沿江大道188号##武昌站、汉口站、武汉站、光谷站、新汉阳站等##地级市##西南官话-武天片-武汉话##武汉大学、华中科技大学等##鄂A##13410.34亿元（2017年）##市委书记：马国强；市长：周先旺##123111元（2017年）##地级市##敢为人先，追求卓越##亚热带季风气候##周先旺##430000##13个市辖区
照片,http://www.baike.com/wiki/照片,http://a1.att.hudong.com/62/43/50200014992522154424433406725_s.jpg,,长春崔氏音乐有限公司旗下A.Tempo组合成员白居颖专辑同名歌曲《照片》，2015年发行！,中文名：##制片人：##演唱者：##音乐公司：##发行时间：##地区：##语言：##所属专辑：##歌曲原唱：##音乐风格：##曲目数量：,照片##权泫雨，老李，Tempo(朴金圣)##白居颖##长春崔氏音乐有限公司##2015年7月19日##中国##韩语，普通话##《照片》##白居颖##流行##2
成绩单,http://www.baike.com/wiki/成绩单,http://a2.att.hudong.com/04/79/20300543346090145439793306711_s.jpg,书籍##出版物,《成绩单》是安德鲁·克莱门斯（Andrew Clements）作品，吴梅瑛翻译，唐唐绘画。,,
倾向,http://www.baike.com/wiki/倾向,http://a2.att.hudong.com/85/90/50200009239445155978907569954_s.jpg,中国地质##二字地质学术语##地球科学##地质学##地质学名词##地震学术语##数学术语##科学##自然科学,倾向是层面上与走向线垂直并沿斜面向下所引的直线叫倾向线，倾向线在水平面投影的方向即倾向。,名称：##拼音：##释义：##例句：##作品名称：##创作年代：##作者：##词性：,倾向##qīng xiàng##倾心向往##人至，辱书，伏承法候安裕，倾向倾向。##《与大觉禅师琏公书》##宋##苏轼##动词，名词
交通费,http://www.baike.com/wiki/交通费,http://a1.att.hudong.com/30/64/50200009239445155972644651504_s.jpg,交通##法律##生活##财务术语,交通费，指受害人及其必要的陪护人员因就医或者转院治疗所实际发生的用于交通的费用。交通费由车辆购置税、养路费、车船使用税、过路费、油费、保险费、日常维修保养费用构成。,中文名：##英文名：##拼音：##定义：##出处：##类型：##费用构成：##依 据：##相关法规：,交通费##Transportation costs##jiāo tōng fèi##指受害人及其必要的陪护人员因就医或者转院治疗所实际发生的用于交通的费用##《医疗事故处理条例》第五十条##法律术语##车辆购置税、养路费、车船使用税##正式的交通费的票证收据为准##《工伤保险条例》
本科,http://www.baike.com/wiki/本科,http://a2.att.hudong.com/04/29/20300576610247158469291969383_s.jpg,,本科教育（undergraduate education），高等教育的中级层次。属联合国教科文组织《国际教育标准分类》的第三级第一阶段（授予大学第一级学位或同等学历证书）教育。与专科教育、研究生教育构成高等教育内部的 3 个层次，为高等教育的主干部分。一般招收高中毕业生或具有同等学历者。,名称：##拼音：##释义：##外文名称：##教育层次：##开办院校：##修业年限：##学历类型：##办学性质：##相应学位：##毕业年龄：,本科##benke##学历的一种##undergraduate##大学本科##大学或学院##4-5年(普通全日制)##普通，成人，高等教育自学考试##公办本科，民办本科##学士学位##一般在22-24岁之间
段,http://www.baike.com/wiki/段,http://a0.att.hudong.com/63/77/50200009239445155964775790970_s.jpg,,段是一个汉字，读音为duàn。形声，从殳(shū)，耑(duān)声。“殳”，是古代的一种兵器，这里用作意符，表示与手持器械的动作有关。段还有分段、段落和截断等意思。,中文名：##拼音：##外文名：##笔画：##部首：##笔顺：##五笔码：##仓颉码：##郑码：##统一汉字：##注音：,段##duàn##section，piece，division##9##殳##321113554##WDM##HJHNE##NCQX##U+6BB5##ㄉㄨㄢˋ
结构,http://www.baike.com/wiki/结构,http://a3.att.hudong.com/35/79/50200009239445155960798033421_s.jpg,,结构是一个汉语词汇，读音为jié gòu，由组成整体的各部分的搭配和安排；建筑物承重部分的构造；构筑；建造等意思。,名称：##拼音：##释义：##外文名称：,结构##jié gòu##建筑物承重部分的构造、构筑、建造##Structure
身份证,http://www.baike.com/wiki/身份证,http://a2.att.hudong.com/57/57/20300576610174158477570357266_s.jpg,国际旅游证件##标签##社会科学##证件,居民身份证，是用于证明持有人身份的一种法定证件，多由各国或地区政府发行予公民。并作为每个人重要的身份证明文件。,中文名：##英文名：##：##持有者：##用途：##使用地区：,身份证##ID Card##古代官员的识别符号##个人##中国境内公民身份的证明文件之一##中国境内
比例,http://www.baike.com/wiki/比例,http://a3.att.hudong.com/44/69/50200009239445155800695372466_s.jpg,,比例（proportion）是一个数学术语，表示两或多个比相等的式子。在一个比例中，两个外项的积等于两个内项的积，叫做比例的基本性质。,比例基本性质：##解比例：##常数名称：##意 义：,两个外项的积等于两个内项的积##求比例其中一个未知项##比例系数或比例常数##反映总体的构成或者结构
网址,http://www.baike.com/wiki/网址,http://a3.att.hudong.com/56/63/20200004851707154840634564022_s.jpg,流行语##生活##网址##网络,网址通常指因特网上网页的地址。企事业单位或个人通过技术处理，将一些信息以逐页的方式储存在因特网上，每一页都有一个相应的地址，以便其他用户访询而获取信息资料，这样的地址叫做网址。,域名选择：,xyz、.cn、.com、.net、.edu
校史,http://www.baike.com/wiki/校史,http://a2.att.hudong.com/43/57/50200009239445155666573450147_s.jpg,教育史,校史是对一所学校发展轨迹的真实记录，是指记录学校建立发展和变迁的过程的文献资料。高校校史是地方史和教育史的重要组成部分，是高校校园文化建设的重要内容，具有“留史、资政、育人”的重要作用。一部科学、真实、系统的校史，记载着学校创建、发展、壮大的历程，是大学办学特色和大学精神的重要体现，对创建高水平大学具有重要意义。由于校史漫长往往与一所大学的办学传统和办学水平密切相关，百年或大几十年校庆隆重盛大，有利于对学生进行学校传统教育和优良校风教育，也有利于增强校友对母校的认同感和凝聚力，有利于吸引更多的社会捐助，因此各高校多希望本校历史越悠久越好，希望校史能够尽量上延。同时，也出现个别高等学校互相攀比校庆年份，不尊重历史，牵强追溯校史，随意更改校庆年份的不良现象。,,
研究生,http://www.baike.com/wiki/研究生,http://a3.att.hudong.com/41/71/20300576610247158462713574465_s.jpg,,研究生（Postgraduate）是高等教育的一种学历，一般由拥有硕士点、博士点的普通高等学校和研究生培养资格的科研机构开展，以研究生为最高学历，研究生毕业后，也可称研究生，含义为具有研究生学历的人。,中文名：,研究生
专业,http://www.baike.com/wiki/专业,http://a1.att.hudong.com/35/55/50200009239445155966550762221_s.jpg,,专业指的：(1) 专门从事某种学业或职业。(2) 专门的学问。(3) 高等学校或中等专业学校所分的学业门类。(4) 产业部门的各业务部分。(5) 是指一种物质或某种作业的作用范围。,名称：##拼音：##外文名称：##注 音：,专业##zhuān yè##Major；Specialty##ㄓㄨㄢ ㄧㄝˋ
湖北省,http://www.baike.com/wiki/湖北省,http://a4.att.hudong.com/76/47/50200014992522154410473476711_s.jpg,,湖北省，简称“鄂”，是中华人民共和国省级行政区，省会武汉。湖北省地处中国中部地区，东邻安徽，西连重庆，西北与陕西接壤，南接江西、湖南，北与河南毗邻，介于北纬29°01′53″—33°6′47″、东经108°21′42″—116°07′50″之间，东西长约740千米，南北宽约470千米，总面积18.59万平方千米，占中国总面积的1.94%。最东端是黄梅县，最西端是利川市，最南端是来凤县，最北端是郧西县。,中文名：##外文名：##别称：##所属地区：##面积：##人口：##GDP：##地理位置：##著名景点：##机场：##电话区码：##政府驻地：##火车站：##行政类别：##车牌代码：##气候条件：##邮政编码：##下辖区域：##行政区划代码：,湖北##Hubei##鄂、楚、荆楚##中国 中部##18.59万平方千米##5917万人（2018年常住人口）##39366.55亿元（2018年）##华中##黄鹤楼、武汉东湖、神农架、武当山、长江三峡、隆中风景区等##武汉天河国际机场、宜昌三峡机场，十堰武当山机场等##027、0710-0728##武汉市武昌区洪山路7号##武昌站、汉口站、武汉站、宜昌东站、襄阳站等##行政省##鄂A—鄂S##亚热带季风气候、高山气候##430000-443000##12个地级市、1个自治州、3个省直管县级市、1个林区##420000
学业,http://www.baike.com/wiki/学业,http://a1.att.hudong.com/56/67/20300576603596158098675175005_s.jpg,,学业 ，汉语词汇。,,
讲座,http://www.baike.com/wiki/讲座,http://a1.att.hudong.com/70/12/50200009239445155963125834226_s.jpg,佛学常见词汇##培训##宗教##社会,"讲座，拼音：jiǎng zuò 是一种教学形式,多利用报告会、广播等方式进行。",名称：##拼音：##外文名称：##词性：##注 音：,讲座##jiǎng zuò##chair/institute##名词##ㄐㄧㄤˇ ㄗㄨㄛˋ
单位,http://www.baike.com/wiki/单位,http://a2.att.hudong.com/23/81/20300543863594157364811557917_s.jpg,,单位，指机关、团体或属于一个机关、团体的各个部门；指数学方面或物理方面计量事物的标准量的名称。 一般有：米（m）、千米（km）、牛（顿） N、帕（斯卡）Pa等单位； 在佛教传统意义上讲单位，特指长度、质量、时间等的定量单位，也有专门的术语如：刹那、一瞬、弹指、须臾等。准确的说，单位就是将一定数量物质的集合规定为“1” ，成为一个单位。,名称：##拼音：##释义：##例句：##外文名称：##应用学科：,单位##dān wèi##机关、团体或属于一个机关、团体的各个部门##单位是一个相对概念##unit /department##数学，物理学，化学
地点,http://www.baike.com/wiki/地点,http://a3.att.hudong.com/00/96/50200009239445155965968495601_s.jpg,暗黑破坏神装备##词,汉语词汇，读音dì diǎn，意思是所在的地方。繁体为地点。,名称：##拼音：##释义：##近义词：##外文名称：,地点##dì diǎn##所在的地方##场所、所在、地方##place、site
部门,http://www.baike.com/wiki/部门,http://a3.att.hudong.com/52/93/50200009239445155964931754172_s.jpg,企业管理##管理学,部门，是一个组织的机构。通常一个公司单位会分成很多部门。统一体下设的若干分支机构或组织。,中文名：##拼 音：##释义1：##释义2：##举 例：,部门##bù mén##统一体下设的组织机构##组成某一整体的部分或单位##公司部门、国家部门
直博生,http://www.baike.com/wiki/直博生,http://a3.att.hudong.com/68/81/50200009239445155795817988418_s.jpg,博士##大学生,直博生全称为本科直博生，是指在应届本科毕业后（本科毕业时要求同时取得毕业证和学位证，毕业档案完整的移送），跳过硕士研究生阶段，直接以博士研究生身份攻读博士学位。,中文名：##要求：##难度：##特点：##类别：##释义：,直博生##高##大##推荐免试##学位##应届毕业后直接以博士研究生身
人身,http://www.baike.com/wiki/人身,http://a2.att.hudong.com/14/04/50200009239445156008043146031_s.jpg,佛学常见词汇##佛教##佛教术语##宗教##术语##权利##社会##词语##身体,基本解释，人的身体；亦指人的行为、名誉等，是法律意义上的名词，人身伤害罪。,中文名：##外文名：##拼音：##目前状况：##词 义：,人身##[human body]##rén shēn##使用中##人的健康、生命、行动及声誉
电子,http://www.baike.com/wiki/电子,http://a4.att.hudong.com/70/57/50200009239445155800574022682_s.jpg,,最早发现的基本粒子。带负电，电量为1.602176634×10库仑，是电量的最小单元。质量为9.10956×10kg。 常用符号e表示。1897年由英国物理学家约瑟夫·约翰·汤姆生在研究阴极射线时发现。一切原子都由一个带正电的原子核和围绕它运动的若干电子组成。电子的定向运动形成电流，如金属导线中的电流。利用电场和磁场，能按照需要控制电子的运动(在固体、真空中)，从而制造出各种电子仪器和元件，如各种电子管、电子显微镜等。电子的波动性于1927年由晶体衍射实验得到证实。,中文名：##英文名：##应用学科：##所带电荷：##质 量：##表示符号：##本 质：##发现者：,电子##Electron、Electronic##化学、物理##-1.602×10⁻¹⁹库仑##9.10956×10-31kg千克，511keV##e##属于费米子##约瑟夫·约翰·汤姆孙
票,http://www.baike.com/wiki/票,http://a3.att.hudong.com/27/99/50200009239445155971994450288_s.jpg,,票是指在商品交易中由卖方填制，交与买方，用于证明交易成立货物发出的一种原始凭证，又称发货票。,提出者：##是指：##属于：,孙海明##在商品交易中由卖方填制##证明交易成立货物发出的原始凭证
地址,http://www.baike.com/wiki/地址,//www.huimg.cn/entry/images/summary_default270x233.png,,地址，是一串的字符，内含国家、省份、城市或乡村、街道、门牌号码、屋邨、大厦等建筑物名称，或者再加楼层数目、房间编号等。一个有效的地址应该是独一无二，有助邮差等物流从业员派送邮件，或者上门收件。除了物流业，其它例如朋友聚会、登门拜访、求职招聘、公司注册登记等，也必须有一个地址。由于文化差异，世界各地的地址字符顺序有所不同。例如中式地址顺序如上，而英式的顺序刚好是倒转，即是先写房号、门牌号数，最后是写出国家名称。内存中每个用于数据存取的基本单位，都被赋予一个唯一的序号，称为地址。,中文名：##英文名：##释义：##词性：,地址##Address##位置##名词
老师,http://www.baike.com/wiki/老师,http://a2.att.hudong.com/22/42/20300576608978158469420855482_s.jpg,职业,老师是指传授学生知识的人，也泛指在某方面值得学习和能够给大家带来一定正确知识和指导，有能力的人。 2016年，我国各级各类学校专任教师数为1578.2万人，其中，普通小学专任教师为578.9万人，初中阶段专任教师为348.8万人，全国幼儿园专任教师数为223.2万人，全国特殊教育专任教师数为5.3万人，全国普通高中专任教师173.3万人，全国中等职业学校专任教师为84.0万人，全国普通高等学校专任教师160.2万人。,中文名：##外文名：##所属行业：##性质：##拼音：##概述：##相关节日：,老师##teacher; moolvie##教育##从事教育教学工作的专业人员##lǎo shī##传授学生知识的人##教师节
出版物,http://www.baike.com/wiki/出版物,http://a4.att.hudong.com/48/58/50200009239445155970585473030_s.jpg,奥运术语##社会##科技,出版物是指以传播为目的贮存知识信息并具有一定物质形态的出版产品。,中文名：##英文名：##拼音：##定义：##注 音：,出版物##Publications##chū bǎn wù##指以传播为目的贮存知识信息并具有一定物质形态的出版产品##ㄔㄨ ㄅㄢˇ ㄨˋ
汽车票,http://www.baike.com/wiki/汽车票,http://a2.att.hudong.com/15/94/50200009239445155972943594823_s.jpg,生活,汽车票订票：订票成功后，订票系统会自动生成订-票单（订单号）乘客可凭有效证件及订单号在-车站或代售点取票在车站指定窗口或代售点取车票时，不收取票价以外的任何费用（可送票（免费）开始实行的新客运票价，由客运车型运价、旅客站务费、单座车辆通行费、燃油附加费和其他法定收费组成。,中文名：##英文名：##特殊用途：##普通用途：##分类：##拼音：,汽车票##bus ticket##报销证明##乘坐汽车的依据##长途票、短途票、公共汽车票##qì chē pìao
武汉大学,http://www.baike.com/wiki/武汉大学,http://a3.att.hudong.com/15/59/20300545093656156134590880313_s.jpg,,武汉大学（Wuhan University），简称“武大”，是由中华人民共和国教育部直属的全国重点大学，是国家首批“双一流”建设高校，985工程、211工程重点建设高校；入选2011计划、111计划、珠峰计划、卓越医生教育培养计划、卓越法律人才教育培养计划、卓越工程师教育培养计划、新工科研究与实践项目、国家级大学生创新创业训练计划、国家大学生创新性实验计划、国家建设高水平大学公派研究生项目、全国深化创新创业教育改革示范高校、中国政府奖学金来华留学生接收院校、首批学位授权自主审核高校。,中文名：##外文名：##别称：##创办时间：##学校类别：##学校类型：##学校属性：##所属地区：##现任校长：##知名校友：##主管部门：##硕士点：##博士点：##博士后流动站：##校训：##校歌：##专职院士：##主要院系：##国家重点学科：##学校地址：##学校代码：##主要奖项：##创办人：##现任领导：##本科专业：##校庆日：##实验室：##人文资深教：##首席科学家：##长江学者：##发展定位：##开放时间：##票价：##类别：,武汉大学##Wuhan University(WHU)##武大（WHU）##1893年##公立大学##综合##985工程、211工程、七校联合办学##中国湖北武汉##窦贤康##辜鸿铭，竺可桢，章伯钧，闻一多、郁达夫、叶圣陶，李达，李四光，孙叔平，张培刚，刘道玉，陈东升，雷军等##中华人民共和国教育部##347个##250个##科研流动站42个##自强 弘毅 求是 拓新##《武汉大学校歌》##中国科学院院士10、中国工程院院士10（含双聘）、欧亚科学院院士3##经管学院、法学院、生科学院、测绘学院##一级学科5个、二级学科46个##武汉市武昌区珞珈山##10486##《泰晤士报》全球CEO母校排名世界第七、国家自然科学奖、国家发明奖、国家科技进步奖69项、获评第一届全国文明校园##张之洞##党委书记韩进##126个##11月29日##5个国家重点实验室##授8##22##46##世界一流大学##全天##免费##主题体验
学生证,http://www.baike.com/wiki/学生证,http://a3.att.hudong.com/14/22/50200009239445155800222891407_s.jpg,,学生证，就是刚入校时由学校签发给该校已获得学籍的学生的身份证明证件，用以证明学生在该校就读并证明学生身份。一般上面会有盖有学校钢印的本人一寸彩色或者黑白照片，如是大学生，有你所在学院以及班级，还有你的在校年限（入学时间－－毕业时间）。学生持学生证可以享受乘坐火车、汽车、外出旅游等优惠待遇。学生证限本人使用，不得转借他人使用。新生学生证和校徽的发放在新生入学报到两周后开始办理。,中文名：##英文名：##定义：##类型：##类别：##种类：,学生证##Student id card##学生的身份证明证件##概念##证件##学生证，国际学生证
个人,http://www.baike.com/wiki/个人,http://a2.att.hudong.com/35/14/50200009239445155965144587851_s.jpg,人物##分子生物学##劳动合同##文学##科学##自然科学##语言,个人，或者称个体，一般指一个人或是一个群体中的特定的主体。,名称：##拼音：##释义：##反义词：##外文名称：##外文名：,个人##gè rén##指一个人或是一个群体中的特定的主体##集体##personal##personal
食宿,http://www.baike.com/wiki/食宿,//www.huimg.cn/entry/images/summary_default270x233.png,乡村教育##少儿救助##爱心助学##词语,食宿释义：指吃饭与住宿。亦泛指生活。,名称：,食宿
夏令营,http://www.baike.com/wiki/夏令营,http://a4.att.hudong.com/28/79/50200009239445155800799764278_s.jpg,,夏令营（Summer Camp）是暑假期间提供予儿童及青少年的一套受监管的活动，参加者可从活动中寓学习于娱乐，具有一定的教育意义。,中文名：##英文名：##其他外文名：##起源：##时间：##对象：,夏令营##Summer camp##여름 캠프##美国##寒暑假期间##儿童及青少年
八一路,http://www.baike.com/wiki/八一路,http://a3.att.hudong.com/05/03/50200009239445155972035993461_s.jpg,,八一路位于江苏宿迁沭阳县境内 ，建于2000年，西面有徐庄、城东新村、沭阳烈士陵园、人武部，西面有四季花园、中英文学校。北面是东莞路，南面是S326国道。1958年，沭阳县人民政府行文修建烈士陵园。陵园南北长250米，东西宽120米，占地40亩。始建时，园中仅有烈士墓三座。后经1963年、1975年和1985年三次扩建，现在，陵园内有纪念塔、纪念碑、纪念亭、烈士史迹陈列馆等多组纪念性建筑。,,
技能,http://www.baike.com/wiki/技能,//www.huimg.cn/entry/images/summary_default270x233.png,,[know-how;craftsmanship;technique ability] 指掌握并能运用专门技术的能力。指技术、能力。,中文名：##拼音：##解释：##示例：,技能##jìnéng##技艺才能##《管子·形势解》
等级分,http://www.baike.com/wiki/等级分,http://a4.att.hudong.com/56/97/50200009239445155971978019447_s.jpg,,等级分是指由匈牙利裔美国物理学家Elo创建的一个衡量各类对弈活动水平的评价方法，是当今对弈水平评估的公认的权威方法。被广泛用于国际象棋、围棋、足球、篮球等运动。,中文名：##广泛用于：##基 于：##创 建：,等级分##国际象棋、围棋、足球、篮球##统计学的一个评估棋手水平的方法##匈牙利裔美国物理学家Elo
吴黎兵,http://www.baike.com/wiki/吴黎兵,http://a0.att.hudong.com/03/44/20200000193793149196449787473_s.jpg,人物##教授,吴黎兵，男，1972年出生，现任武汉大学计算机学院副院长 、校工会副主席（兼），民革武汉大学委员会主委，湖北省十二届青联委员，博士（毕业于武汉大学计算机应用专业），武汉大学计算机学院教授/博导，IEEE会员，中国计算机学会高级会员，曾任CCF YOCSEF武汉副主席 。2011.03--2011.09美国University of Kentucky计算机科学系访问学者。2017.08--2017.09美国纽约州立大学布法罗分校访问 。近年来主持国家自然科学基金、国家科技部支撑计划子课题、中国博士后科学基金、科技型中小企业创新基金、湖北省自然科学基金、湖北省科技支撑计划、武汉市软件发展基金等项目的研究工作，曾参加国家863计划引导项目、可信软件重大研究计划等研究工作。目前已发表110余篇学术论文，其中80多篇被SCI/EI收录。曾获第五届互联网学术会议最佳论文奖、第十二届中国计算机网络与通信学术会议优秀论文奖。担任杂志IEEE Transactions on Vehicular Technology，IEEE Transactions on Cloud Computing，IEEE Transactions on SMC，IEEE System Journal等国际期刊审稿人。近年来在清华大学出版社、机械工业出版社、武汉大学出版社主编或参编教材8部。目前的项目主要是研究车联网通信及安全、软件定义网络、网络行为分析等。,中文名：##性别：##民族：##国籍：##职业：##毕业院校：,吴黎兵##男##汉族##中国##教师##武汉大学
生源,http://www.baike.com/wiki/生源,http://a0.att.hudong.com/38/64/20300544000008148169644973757_s.jpg,生物学##生物工程##药学名词##进化论##食品,生源（天津）生物工程有限公司成立于1992年，是INC 国际坚果协会会员，2010年北京峰会赞助商。致力于提供优质烘焙食品及休闲食品，产品涵盖丰富，在中国同类食品生产商中居于领导地位。,中文名称：##组织形式：##创建时间：##类型：##经营范围：,生源（天津）生物工程有限公司##个人独资##1992##民营##提供优质烘焙食品及休闲食品
院,http://www.baike.com/wiki/院,http://a2.att.hudong.com/32/70/50200009239445155955701937915_s.jpg,文字##汉字##汉语,院是形声字，阝（阜）为形，完为声。读作yuàn，本意指围墙。后指有围墙的院子、房屋。此外，院在旧时也指官署。在现代有些组织、政府机构也叫院，如“法院”。,中文名：##拼音：##外文名：##笔画：##部首：##部首笔划：##五笔码：##仓颉码：##郑码：##四角号码：##UniCode：##释义：,"院##yuàn##yard（院子）##9##阝##2##BPFQ##NLJMU##YWBR##73212##U+9662##庭院,院子"
素质,http://www.baike.com/wiki/素质,http://a4.att.hudong.com/28/06/50200009239445155958061093366_s.jpg,人体生理学##应用科学##心理学##心理学名词##心理学术语##有机化合物##科学##自然辩证法名词,素质，拼音sù zhì，指思想、文化、身体，即代表德、智、体三个方面。 素质的高低不以人种而划分，任何地方都有素质高的人和素质低的人。素质提高代表着着德、智、体的全面发展。,名称：##拼音：##近义词：##外文名称：##著作：,素质##sù zhì##品质、修养、涵养##Quality##《素质教育初论》
工程,http://www.baike.com/wiki/工程,http://a4.att.hudong.com/71/61/50200009239445155972613669807_s.jpg,,工程是科学和数学的某种应用，通过这一应用，使自然界的物质和能源的特性能够通过各种结构、机器、产品、系统和过程，是以最短的时间和最少的人力、物力做出高效、可靠且对人类有用的东西。将自然科学的理论应用到具体工农业生产部门中形成的各学科的总称。,名称：##拼音：##外文名称：##类别：##注 音：,工程##gōng chéng##Engineering##词语##ㄍㄨㄙ ㄔㄥˊ
纸质,http://www.baike.com/wiki/纸质,//www.huimg.cn/entry/images/summary_default270x233.png,内衣袋##喜糖袋##巧克力包装##手提袋##月饼包装##烘焙包装##珠宝盒##电子产品包装##礼品盒##糖果盒##红酒盒##纸箱##耳机包装盒##饰品袋##首饰盒,用以印制邮票的纸较多，这些纸张由于原材料及生产工艺不同，生产出来的成品纸；其质量也各不相同，这些纸张的材质，称纸质。纸质是研究邮票判别及鉴别真伪的重要依据。如清代海关大龙票，可以通过纸质研究来分辨出发行于1878年的薄纸大龙，发行于1883年的厚纸大龙。[1],,
说明,http://www.baike.com/wiki/说明,http://a2.att.hudong.com/02/36/50200009239445155960369869538_s.jpg,词语,说明是一个汉语词汇，读音为shuō míng，属于动词，意思是解释清楚，讲明解；说明原因。也指解释的话；说明的文字；证明。,名称：##拼音：##出处：##外文名称：,说明##shuō míng##《二刻拍案惊奇》##illustrate；explain
校园,http://www.baike.com/wiki/校园,http://a3.att.hudong.com/32/75/20300001220069157732757589471_s.jpg,,校园，指大学、学院或学校校园中的各种景物及其建筑；凡是学校教学用地或生活用地的范围，均可称作校园。,名称：##外文名称：##作品别名：##校园生活：,校园##campus##学院，学校##学习，情感，娱乐，社团，社交
专题,http://www.baike.com/wiki/专题,http://a4.att.hudong.com/44/56/50200009239445156347569763925_s.jpg,名词##名词解释##地理信息系统名词,所谓专题，是指针对某个特定对象而特别收集制作而成的一种集中作品，这个对象可以是具体的某个人物或者某个事物，也可以是某个抽象的范围或者领域。在网络上这种作品一般表现为游戏专题或者新闻专题，其中的新闻专题又包括人物专题和新闻热点专题等。,名称：##拼音：##出处：##释义：##作品名称：##外文名称：,专题##zhuāntí##《列宁专题文集》##1.某个东西的内容集中收集，就形成专题，网络上通常指游戏专题或者新闻专题。如《列宁专题文集》。 2.专门研究或讨论的题目。##《列宁专题文集》##a special or designated topic or subject
成绩,http://www.baike.com/wiki/成绩,http://a2.att.hudong.com/47/65/50200009239445155978654031330_s.jpg,考试术语,成绩是汉语词汇，拼音chéng jì，汉语词性上是名词。“绩”古语最初含义是:把麻和棉搓（cuō）捻成线，成绩就是“制成棉麻线”，后来随着古代人文章里各种情景引用的和比喻，到现在，慢慢有了两重词义：一是指“成功的业绩，成效”；另外一个是指“工作或学习所取得的成就﹐收获”。,近义词：,成就
章,http://www.baike.com/wiki/章,http://a2.att.hudong.com/84/75/50200009239445155964753326831_s.jpg,,章（Zhāng）姓，在《百家姓》中排第40位。章姓一般出自于姜姓、任姓，也因他姓而改姓、因他族而改姓，当代章姓人口已达150万，占全国总人口的0.12%，为排行一百一十八位的大姓。,中文名：##拼音：##繁体：##笔画：##部首：##部首笔划：##笔顺：##五笔码：##仓颉码：##郑码：##四角号码：##UniCode：##笔画读音：##统一汉字：,章##zhāng##章##11##立##5##41431251112##UJJ##ytaj##suke##00406##CJK##捺横捺撇横竖横折横横横竖##U+7AE0
李宗鹏,http://www.baike.com/wiki/李宗鹏,//www.huimg.cn/entry/images/summary_default270x233.png,,"男，I978年2月生。山东省滨州市沾化区人，现就读于山东经济学院财政金融系财政学（97）专业，本科学历。中学阶段，学习成绩优异，曾任学习委员、文体委员、团支书和班长，历年被评为""三好学生""、''优秀团员""，并且朵获滨州地区颁发的""雷锋奖""。1997年以优异成绩考入山东经济学院财政金融系财政学（税收方向）专业，现任卫生委员。步人大学以来，在各方面严格要求自己，努力提高自身素质，学习成绩位居前列．并多次获得奖学金，荣获系级""三好学生''。广泛阅读各种文章，并在引〈山东经济学院报》中发表文章数篇，包括《乡间小路》、《积极的财政政策不会导致通货膨胀》等。1999年荣获山东经济学院财政金融系""星火征文""论文大赛的三等奖。",,
报告,http://www.baike.com/wiki/报告,http://a1.att.hudong.com/76/81/50200009239445155959812827340_s.jpg,,报告使用范围很广。按照上级部署或工作计划，每完成一项任务，一般都要向上级写报告，反映工作中的基本情况、工作中取得的经验教训、存在的问题以及今后工作设想等，以取得上级领导部门的指导。,名称：##类型：##作用：##性质：##外文名：,报告##文种##反映工作中的基本情况##公文格式##Presentation
科目,http://www.baike.com/wiki/科目,http://a3.att.hudong.com/35/28/20300576606602158211289042640_s.jpg,制度##历史##文化##文学##词汇,“教学科目”也称“科目”。教学中按逻辑程序组织的一定知识和技能范围的单位。如中小学的数学、物理、语文、音乐等；高等学校心理学系的普通心理学、儿童心理学、教育心理学等。,名称：##拼音：##出处：##释义：,科目##kēmù##《云麓漫钞》##唐 代以来分科选拔官吏的名目
年级,http://www.baike.com/wiki/年级,http://a0.att.hudong.com/84/46/50200009239445155999465330083_s.jpg,乡村教育##学校##少儿救助##教育##爱心助学,年级是一个汉语词语。含义是：学校中依据学生修业年限分学生为若干级谓之年级。如我国现行学制一般规定小学修业年限为六年，学校中就编为六个年级。学生入学第一学年为一年级，第二学年升入二年级，馀类推。同一年级学生人数多者，再分成若干班，中小学一般分五十人为一班。,中文名：##外文名：,年级##grade；year
质量,http://www.baike.com/wiki/质量,//www.huimg.cn/entry/images/summary_default270x233.png,,质量的内容十分丰富，随着社会经济和科学技术的发展，也在不断充实、完善和深化，同样，人们对质量概念的认识也经历了一个不断发展和深化的历史过程。物理学中，质量是七个基本单位之一，用来表示“物体平动的惯量”和“物体对其他物体的引力大小的量度”。质量目标的定义是：“在质量方面所追求的目的”。从质量管理学的理论来说，质量目标的理论依据是行为科学。产品明示的质量要求，是指生产者对产品的质量所作出的明确的质量承诺法。,,
智能,http://www.baike.com/wiki/智能,//www.huimg.cn/entry/images/summary_default270x233.png,,智能（intelligence and ability）的基本解释是指人的智慧和行动能力发展学生智能。从感觉到记忆到思维这一过程，称为“智慧”，智慧的结果就产生了行为和语言，将行为和语言的表达过程称为“能力”，两者合称“智能”，将感觉、记忆、回忆、思维、语言、行为的整个过程称为智能过程，它是智力和能力的表现。它们分别又可以用“智商”和“能商”来描述其在个体中发挥智能的程度。“情商”可以调整智商和能商的正确发挥，或控制二者恰到好处地发挥它们的作用。根据霍华德·加德纳的多元智能理论，人类的智能可以分成包括语言、逻辑、空间、肢体运作、音乐、人际、内省在内的七个范畴。,中文名：##英文名：##解 释：##出 处：,智能##intelligence and ability##人的智慧和行动能力发展学生智能##《管子·君臣上》
计划,http://www.baike.com/wiki/计划,http://a2.att.hudong.com/28/15/50200009239445155960155130080_s.jpg,,在管理学中，计划具有两重含义，其一是计划工作，是指根据对组织外部环境与内部条件的分析，提出在未来一定时期内要达到的组织目标以及实现目标的方案途径。其二是计划形式，是指用文字和指标等形式所表述的组织以及组织内不同部门和不同成员，在未来一定时期内关于行动方向、内容和方式安排的管理文件。,名称：##拼音：##外文名称：##分类标准：##日译：##有两重含义：,计划##jì huà##plan##重要性、时间界限、明确性##计画##其一是计划工作，其二是计划形式
珞珈,http://www.baike.com/wiki/珞珈,http://a4.att.hudong.com/64/66/50200009239445155958668140337_s.jpg,人物##作家##名人##学者##文学家,珞珈，武汉大学的别称，因为武汉大学所在珞珈山，珞珈二字便成为了武汉大学的别称。,中文名：##别名：##校训：##创建时间：##类型：##学校地址：##知名教师：##附属机构：##硕士点：##博士点：,珞珈##武汉大学##自强、弘毅、求是、拓新##1893年##大学##珞珈山##袁昌英##国立##347##250
笔试,http://www.baike.com/wiki/笔试,http://a2.att.hudong.com/68/34/50200009239445155357348859428_s.jpg,乡村教育##其他职业##少儿救助##爱心助学##社会##考试术语##职业,笔试(Written Test)是一种与面试对应的测试，是以填写的方法考核应聘者学识水平的重要工具。这种方法可以有效的测量应聘人的基本知识、专业知识、管理知识、综合分析能力和文字表达能力等素质及能力的差异。,名称：##用法：##外文名称：##属性：##知识层面：,笔试##中性##Written Test##一种与面试对应的测试##基本知识、专业知识
封面,http://www.baike.com/wiki/封面,http://a4.att.hudong.com/62/08/50200009239445155964084164352_s.jpg,,封面，是指书刊外面的一层。有时特指印有书名、著者或编者、出版者名称等的第一面。语出巴金《家》十一：“祖父方才给我的一本线装书，我看了封面上白纸签条的题名：《刘芷唐先生教孝戒淫浅训》，就觉得头痛。”,名称：##拼音：##定义：##制作材料：##作用：,封面##fēng miàn##书刊指最外面的一层##厚纸、布、皮等##美化书刊和保护书芯的作用
整体,http://www.baike.com/wiki/整体,http://a2.att.hudong.com/40/68/50200009239445155962681426235_s.jpg,,整体是指一个由有内在关系的部分所组成的体系对象。各个组成部分一定有某种内在关系，或功能互补，或利益共同，或协调行动等等。简单地说，就是一个有组织的事物。一般情况下，“整体”有一定的组成原则、组织规则、组织机构、运转规则和运行秩序等。,名称：##释义：,整体##指一个由有内在关系的部分所组成的体系对象
仪式,http://www.baike.com/wiki/仪式,http://a0.att.hudong.com/67/15/50200009239445155867159651263_s.jpg,,仪式，多指典礼的秩序形式，如升旗仪式等，在古代这个词也有取法、仪态或者指测定历日的法式制度的意思。,名称：##拼音：##出处：##释义：##近义词：##外文名称：,仪式##yí shì##《诗·周颂·我将》##典礼的秩序形式##典礼 庆典##儀式　ぎしき
方式,http://www.baike.com/wiki/方式,http://a1.att.hudong.com/22/87/50200009239445155960870308671_s.jpg,,方式指言行所采用的方法和样式。在一定的生产力发展水平条件下，表现人类的朴素的自然科学技术和社会科学技术发展水平，以及经济、文化发展水平，新近的管理科学技术发展水平等。,名称：##拼音：##释义：##近义词：##外文名称：,方式##fāng shì##指言行所采用的方法和样式##方法##way、manner
张三,http://www.baike.com/wiki/张三,http://a3.att.hudong.com/77/83/50200009239445155972832676557_s.jpg,,东北地区用张三指代狼，泛指人称代词，代表普通的某个人，多指男性。在某些方言或与语境里有特殊意义。,名称：##释义：##国籍：##民族：##别意：##民间用词：##同义词：,张三##中国人最耳熟能详的名字##中国##汉##东北地区用张三指代狼##一般用来举例##李四、王二麻子
奖金,http://www.baike.com/wiki/奖金,http://a1.att.hudong.com/07/14/50200009239445155866148721786_s.jpg,,奖金是指对劳动者提供的超额劳动所支付的报酬，是实现按劳分配的一种补充形式。奖金大体上可分为两类： 一类是由于劳动者提供超额劳动，直接增加了社会财富 (例如增产、节约等) 而给予的奖励；另一类是由于劳动者提供超额劳动，为增加社会财富创造了条件 (例如技术革新等) 而给予的奖励。根据超额劳动的情况，奖金又可以分为综合奖和单项奖两种形式。综合奖是根据劳动者各个方面的贡献全面地综合评定的奖金；单项奖则是根据劳动者某一方面的优良成绩评定的奖金。,名称：##释义：##外文名称：##日語：##构成：##特点：,奖金##主要是指作为一种工资形式##bonus，reward，premium##賞金　しょうきん##奖励指标##奖金具有很强的针对性和灵活性
部分,http://www.baike.com/wiki/部分,http://a0.att.hudong.com/63/15/50200009239445155966153966283_s.jpg,机械零件##物理学##生物化学##科学##自然科学##药学名词##语言学,部分是一个汉语词汇，读音为bù fen，一般指整体中的局部；整体里的一些个体；部分还有部位；所处的位置；裁决；处理等意思。,名称：##拼音：##释义：##外文名称：##类别：,部分##bù fen##指整体中的局部；所处的位置；裁决；处理。##섹션##词语
姓名,http://www.baike.com/wiki/姓名,http://a4.att.hudong.com/25/85/50200009239445155956850336284_s.jpg,中文姓名##姓##姓名##法律##社会,姓名，由姓和名组成，也称名字。人的姓名，是人类为区分个体，给每个个体给定的特定名称符号，是通过语言文字信息区别人群个体差异的标志。,名称：##拼音：##组成：##别称：##取名时间：##名字长度：##英语姓名：,姓名##name##姓和名##名字##小孩生下来三个月后由父亲命名##习惯用两个字或一个字##教名加中间名加姓
学子,http://www.baike.com/wiki/学子,http://a2.att.hudong.com/17/81/50200014992522154421811309507_s.jpg,,学子即学生也，在学校学习的人或虽年长而仍在求学的人。,中文名：##名称：##释义：##出处：##例句：,学子##学子##学子即学生也##《毛传》##青衿，青领也，学子之所服
硕士,http://www.baike.com/wiki/硕士,http://a4.att.hudong.com/14/75/50200009239445155964756036910_s.jpg,乡村教育##二字一般称谓##医学术语##学位##少儿救助##应用科学##教育##教育史##爱心助学##科学,硕士是一个介于学士及博士之间的研究生学位，拥有硕士学位者通常象征具有对其专注、所研究领域的基础的独立的思考能力。,中文名：##主要是指：##类别：##起源时间：##课程时间：##代表单位：##学位类别：,硕士##是品德高尚、学问渊博的人##学位##五代##2年-3年##北京大学、中国科学院等##学术型硕士，专业型硕士
论文,http://www.baike.com/wiki/论文,http://a2.att.hudong.com/81/71/50200009239445155956719568938_s.jpg,学术##爱心助学,论文是一个汉语词语，拼音是lùn wén，古典文学常见论文一词，谓交谈辞章或交流思想。当代，论文常用来指进行各个学术领域的研究和描述学术研究成果的文章，简称之为论文。它既是探讨问题进行学术研究的一种手段，又是描述学术研究成果进行学术交流的一种工具。它包括学年论文、毕业论文、学位论文、科技论文、成果论文等。,名称：##外文名称：##类 型：##作 用：##意 义：##要 求：##字 数：,论文##The paper;the essay##学年论文、毕业论文、学位论文等##描述研究成果##表达自己的学术成果##有引言、正文、参考资料##一般几千字以上
毕业生,http://www.baike.com/wiki/毕业生,http://a2.att.hudong.com/48/13/50200009239445155964133357513_s.jpg,学校##影视作品##电影##电影作品,《毕业生》根据查尔斯·韦伯的同名小说改编而成，由迈克·尼科尔斯执导，达斯汀·霍夫曼、安妮·班克罗夫特等主演。该片于1967年12月21日在美国上映。,中文名：##外文名：##主演：##上映时间：##类别：##导演：##编剧：##影片片长：##语言版本：##画面颜色：##电影等级：##主题曲：##制片成本：##拍摄地点：##制片地点：##拍摄日期：##出品时间：,"毕业生##The Graduate##达斯汀·霍夫曼，安妮·班克罗夫特##1967年12月21日##剧情##迈克·尼科尔斯##巴可·亨利##105分钟##英语##彩色##USA:PG##寂静之声，斯卡保罗集市##$3,000,000##美国##美国##1967年3月 - 1967年8月##1966年3月2日"
系,http://www.baike.com/wiki/系,http://a4.att.hudong.com/16/33/50200009239445155965339831287_s.jpg,,系，多音字（第一版汉字简化，将“系”、“系”、“系”三个不同含义的字统一合并为“系”）：1.xì，有联属关系的：系统。系列。系数。水系。世系。另外，它还是中国的稀有姓氏之一。2.xì（系），是，于公文中可代表“是”，粤语口语中亦为 ：是；对，正确；在。3.jì（系），结，扣：如“系鞋带”“系扣子”。,中文名：##拼音：##外文名：##繁体：##部首：##注 音：##五 笔：##汉字拆分：,系##xì jì##参与##繫##丿##ㄒㄧ##txiu##丿 幺 小
背景,http://www.baike.com/wiki/背景,//www.huimg.cn/entry/images/summary_default270x233.png,,1. 图画、摄影里衬托主体事物的景象。,,
微观,http://www.baike.com/wiki/微观,http://a2.att.hudong.com/02/29/20300576611485158226293525368_s.jpg,,微观的英文是“micro”，原意是“小”。微观与“宏观”相对。粒子自然科学中一般指空间线度小于10米（即纳米以下）的物质系统。包括分子、原子、原子核、基本粒子及与之相应的场。基本粒子也有其内部结构。微观世界的各层次都具有波粒二象性，服从量子力学规律。在社会科学或者广义的概念，宏观是指从大的方面去观察，微观是指从小的方面去观察。有时候，我们还常常用到中观这个概念，即处于宏观与微观之间。,中文名：##英文名：##拼音：##本 意：,微观##microcosmic##weiguan##小
对象,http://www.baike.com/wiki/对象,//www.huimg.cn/entry/images/summary_default270x233.png,,对象，常有两层意思，指行动或思考时作为目标的事物或特指恋爱的对方等含义。,,
资格,http://www.baike.com/wiki/资格,http://a0.att.hudong.com/20/18/50200009239445155972182916904_s.jpg,,资格，汉语词汇。,名称：##拼音：##释义：##近义词：##用法：##例句：##外文名称：,资格##zī gé##为获得某一特殊权利而必须具备的先决条件##指从事某种工作或活动的经历##中性##取得竞选总统资格##qualification； seniority
意见,http://www.baike.com/wiki/意见,http://a0.att.hudong.com/02/54/20300576610389158185545941105_s.png,,意见的本意是人们对事物所产生的看法或想法。意见是上级领导机关对下级机关部署工作，指导下级机关工作活动的原则、步骤和方法的一种文体。意见的指导性很强，有时是针对当时带有普遍性的问题发布的，有时是针对局部性的问题而发布的，意见往往在特定的时间内发生效力。,名称：##拼音：##释义：##近义词：##外文名称：,意见##yì jiàn##意见的本意是人们对事物所产生的看法或想法##看法##opinion
国,http://www.baike.com/wiki/国,http://a3.att.hudong.com/35/66/50200009239445155970669290616_s.jpg,,国（拼音：guó）是汉语常用字，始见于商代。本义指疆域，地域。这个意思后来写作“域”。引申指地区，区域。又引申指分封的诸侯国。后泛指国家。也指国都。在现代，对于“国”的观念是：“国家是阶级压迫阶级的工具，是暴力的机器。”在古代把分封给诸候的封地叫“国”，把都城叫“国”；把地域也叫“方”或“国”。从字的源义来看，可以说，古代人民对于“国”的观念的形成，是比较晚的。,中文名：,国
小组,http://www.baike.com/wiki/小组,http://a1.att.hudong.com/52/37/50200009239445155963378527245_s.jpg,法律##法律术语##社会##词语##语文,小组 ： 英文：group为工作﹑学习等的方便而组成或划分的小集体﹑小班子。.随着互联网发展，特别是web 2.0时代，“小组”的含义衍生为就某一类话题或兴趣点（例如旅游、电影、电子产品等）跟别人交流的场所。,名称：##拼音：##释义：##外文名称：,小组##xiǎo zǔ##学习等的方便而组成的小集体##group
电话,http://www.baike.com/wiki/电话,http://a4.att.hudong.com/16/19/20300542491654139891198489431_s.jpg,电话,电话英语：Telephone，出自希腊语τῆλε（tēle，意为“远”）和φωνή（phōnē，意为“声音”），旧译德律风]是一种可以传送与接收声音的远程通信设备。早在十八世纪欧洲已有“电话”一词，用来指用线串成的话筒（以线串起杯子）。电话的出现要归功于亚历山大·格拉汉姆·贝尔，早期电话机的原理为：说话声音为空气里的复合振动，可传输到固体上，通过电脉冲于导电金属上传递。 贝尔于1876年3月申请了电话的专利权。,名称：##外文名：##是否停产：,电话##Telephone##否
会议,http://www.baike.com/wiki/会议,http://a4.att.hudong.com/53/88/50200009239445155965887164575_s.jpg,,会议是指有组织、有领导、有目的的议事活动，它是在限定的时间和地点，按照一定的程序进行的。会议一般包括议论、决定、行动3 个要素。因此，必须做到会而有议、议而有决、决而有行，否则就是闲谈或议论，不能成为会议。会议是一种普遍的社会现象，几乎有组织的地方都会有会议，会议的主要功能包括决策、控制、协调和教育等功能。,名称：##拼音：##释义：##近义词：##外文名称：##要 素：,会议##huì yì##为了解决问题而进行的交流活动##集会、聚会##Meeting;Conference;Congress##议论、决定、行动
高校,http://www.baike.com/wiki/高校,http://a3.att.hudong.com/00/77/20300576608978158461770860481_s.jpg,,高等学校是大学、专门学院、高等职业技术学院、高等专科学校的统称，简称高校。从学历和培养层次上讲，包括专科、本科、硕士研究生、博士研究生。其中大学一般指综合型高等院校，专门学院包括了医科大学、戏曲学院、音乐学院、美术学院，高职高专院校包括职业技术学院、高等专科学校等。,中文名：##外文名：##别称：##学校类别：##学校类型：##学校属性：##主管部门：,高等学校##Colleges/Universities##高校##高等教育机构##综合、政法、理工、师范、农林、医科、艺术、民族等##公立大学、民办大学等##中央部委、各省市区、各省市区教育行政部门
刘树波,http://www.baike.com/wiki/刘树波,http://a0.att.hudong.com/17/98/50200009239445156000989409267_s.jpg,,刘树波，男，博士，武汉大学计算机学院教授，博士生导师，计算机工程系副主任，1970年生。,中文名：##国籍：##职业：,刘树波##中国##教育 博士
特等奖,http://www.baike.com/wiki/特等奖,http://a4.att.hudong.com/50/51/01300000384298131346516844772_s.jpg,词语,特等奖指其在设立的所有奖项中最好的，奖励是最丰厚的（包括精神奖励）。,名称：##拼音：##释义：##外文名称：,特等奖##tè děng jiǎng##就是指奖项中最好的##Special-class award
新生,http://www.baike.com/wiki/新生,http://a4.att.hudong.com/42/17/50200009239445155971177373211_s.jpg,,《新生》是意大利诗人但丁早期的代表作，记述他对贝雅特丽齐（后来成为他一生的缪斯）的爱情和她芳魂早逝的悲剧。,名称：##作者：##英文名：##出版地：##主人公：##类别：##国家：,新生##但丁##La Vita nuova##意大利##贝雅特丽齐##悲剧##意大利
whu,http://www.baike.com/wiki/whu,http://a3.att.hudong.com/15/59/20300545093656156134590880313_s.jpg,,武汉大学（Wuhan University），简称“武大”，是由中华人民共和国教育部直属的全国重点大学，是国家首批“双一流”建设高校，985工程、211工程重点建设高校；入选2011计划、111计划、珠峰计划、卓越医生教育培养计划、卓越法律人才教育培养计划、卓越工程师教育培养计划、新工科研究与实践项目、国家级大学生创新创业训练计划、国家大学生创新性实验计划、国家建设高水平大学公派研究生项目、全国深化创新创业教育改革示范高校、中国政府奖学金来华留学生接收院校、首批学位授权自主审核高校。,中文名：##外文名：##别称：##创办时间：##学校类别：##学校类型：##学校属性：##所属地区：##现任校长：##知名校友：##主管部门：##硕士点：##博士点：##博士后流动站：##校训：##校歌：##专职院士：##主要院系：##国家重点学科：##学校地址：##学校代码：##主要奖项：##创办人：##现任领导：##本科专业：##校庆日：##实验室：##人文资深教：##首席科学家：##长江学者：##发展定位：##开放时间：##票价：##类别：,武汉大学##Wuhan University(WHU)##武大（WHU）##1893年##公立大学##综合##985工程、211工程、七校联合办学##中国湖北武汉##窦贤康##辜鸿铭，竺可桢，章伯钧，闻一多、郁达夫、叶圣陶，李达，李四光，孙叔平，张培刚，刘道玉，陈东升，雷军等##中华人民共和国教育部##347个##250个##科研流动站42个##自强 弘毅 求是 拓新##《武汉大学校歌》##中国科学院院士10、中国工程院院士10（含双聘）、欧亚科学院院士3##经管学院、法学院、生科学院、测绘学院##一级学科5个、二级学科46个##武汉市武昌区珞珈山##10486##《泰晤士报》全球CEO母校排名世界第七、国家自然科学奖、国家发明奖、国家科技进步奖69项、获评第一届全国文明校园##张之洞##党委书记韩进##126个##11月29日##5个国家重点实验室##授8##22##46##世界一流大学##全天##免费##主题体验
阶段,http://www.baike.com/wiki/阶段,http://a1.att.hudong.com/50/36/50200009239445155970368373457_s.jpg,,阶段是中国词语，读音是jiēduàn，表示事物发展过程中的区间段落。,名称：##拼音：##出处：##释义：##外文名称：,阶段##jiēduàn##《册子》##表示事物发展过程中的区间段落##stage section
邮箱,http://www.baike.com/wiki/邮箱,http://a4.att.hudong.com/47/33/50200014992522154410330659674_s.jpg,,电子邮箱（E-MAIL BOX）是通过网络电子邮局为网络客户提供的网络交流的电子信息空间。电子邮箱具有存储和收发电子信息的功能，是因特网中最重要的信息交流工具。,中文名：,邮箱
博士,http://www.baike.com/wiki/博士,http://a1.att.hudong.com/78/81/20300542519536139886811979110_s.jpg,,博士，古为官名。秦汉时是掌管书籍文典、通晓史事的官职，后成为学术上专通一经或精通一艺、从事教授生徒的官职。如明代初期，朱允炆曾封方孝孺为“文学博士”等。,名称：##设立朝代：,博士##秦汉
学术,http://www.baike.com/wiki/学术,http://a1.att.hudong.com/81/76/50200009239445155794765547420_s.jpg,学术,学术是指系统专门的学问，也是学习知识的一种，泛指高等教育和研究，是对存在物及其规律的学科化。出自《史记·老子韩非列传》、《史记·张仪列传》。,中文名：##英文名：##拼音：##定义：##出处：##注音：##概况：##代表人物：,学术##learning;science##xué shù##指系统专门的学问，也是学习知识的一种，泛指高等教育和研究，是对存在物及其规律的学科化##出自《史记·老子韩非列传》、《史记·张仪列传》##ㄒㄩㄝˊ ㄕㄨˋ##以学科和领域来划分##张荣寰
热点,http://www.baike.com/wiki/热点,http://a4.att.hudong.com/68/60/50200009239445155964600827784_s.jpg,,热点（hot spot）指的是比较受广大群众关注，或者欢迎的新闻或者信息，或指某时期引人注目的地方或问题。如“社会热点”、“绵山成为旅游的热点”等。,名称：##释义：##外文名称：##解释二：##解释三：##解释六：,热点##某时期引人注目的地方或问题##hot spot##形成与板块界无关的火山的岩浆源##wifi上网发射点##热点
网站,http://www.baike.com/wiki/网站,//www.huimg.cn/entry/images/summary_default270x233.png,,网站(Website)是指在因特网上根据一定的规则，使用HTML（标准通用标记语言下的一个应用）等工具制作的用于展示特定内容相关网页的集合。简单地说，网站是一种沟通工具，人们可以通过网站来发布自己想要公开的资讯，或者利用网站来提供相关的网络服务。人们可以通过网页浏览器来访问网站，获取自己需要的资讯或者享受网络服务。,别名：##开发部门：##域名类型：##基本元素：##必备工具：##出现时间：,万维网##美国国防部高级研究计划管理局##建议使用.XYZ、.COM、.CN、.NET##域名、网站空间、解析、数据库##浏览器##1990年12月20日
系统,http://www.baike.com/wiki/系统,//www.huimg.cn/entry/images/summary_default270x233.png,,在数字信号处理的理论中，人们把能加工、变换数字信号的实体称作系统。由于处理数字信号的系统是在指定的时刻或时序对信号进行加工运算，所以这种系统被看作是离散时间的，也可以用基于时间的语言、表格、公式、波形等四种方法来描述。从抽象的意义来说，系统和信号都可以看作是序列。但是，系统是加工信号的机构，这点与信号是不同的。人们研究系统还要设计系统，利用系统加工信号、服务人类，系统还需要其它方法进一步描述。描述系统的方法还有符号、单位脉冲响应、差分方程和图形。中国学者钱学森认为：系统是由相互作用相互依赖的若干组成部分结合而成的，具有特定功能的有机整体，而且这个有机整体又是它从属的更大系统的组成部分。,中文名：##英文名：##其他外文名：##拼音：##定义：##类型：##描述方法：,系统##system##system##xi tǒng##部分组成的整体##自然系统、人工系统、复合系统##语言、表格、公式、波形、符号等
底蕴,http://www.baike.com/wiki/底蕴,http://a4.att.hudong.com/82/18/50200009239445155966184907952_s.jpg,,底蕴是一个汉语词汇，读音为dǐ yùn，意思是内心蕴藏；底细；事情的内涵；文化的涵养。出自《宋史·范祖禹传》。,名称：##拼音：##出处：##释义：##外文名称：##注 音：,底蕴##dǐ yùn##宋史·范祖禹传##内心蕴藏、底细、事情的内涵、文化的涵养##details、inside information##ㄉㄧˇ ㄧㄨㄣˋ
目录,http://www.baike.com/wiki/目录,http://a1.att.hudong.com/86/89/50200009239445155959899177932_s.jpg,,目录，是指书籍正文前所载的目次，是揭示和报道图书的工具。目录是记录图书的书名、著者、出版与收藏等情况，按照一定的次序编排而成，为反映馆藏、指导阅读、检索图书的工具。在计算机应用中，目录的发展成了“文件夹”，随着目录工作的发展，衍生出“目录学”。,名称：##拼音：##释义：##外文名：##本 质：##五 笔：##词 目：,目录##mù lù##是目和录的总称。##catalogue##正文前所载的目次##hhvi##目录
方案,http://www.baike.com/wiki/方案,http://a2.att.hudong.com/23/06/50200009239445155964060451720_s.jpg,文化##生物化学##科学##自然科学##词典##词语##语言,方案是从目的、要求、方式、方法、进度等都部署具体、周密，并有很强可操作性的计划。,名称：##拼音：##释义：##例句：##外文名称：##词目：##注音：,方案##fāng àn##案前得出的方法，将方法呈于案前##朱老忠和宋洛曙正在跟战士们开会，讲明形势，设计战斗方案##plan##方案##ㄈㄤ ㄢˋ
大字,http://www.baike.com/wiki/大字,http://a3.att.hudong.com/42/64/50200009239445155972648029841_s.jpg,书法##艺术,“大字”，既毛笔字。多大的字为大字呢？康有为说：“以二寸、一寸为度，不得过大也。”写大字，要临摹字体。苏轼、黄庭坚和蔡襄的大字楷书，都是极好的大字帖。,名称：##拼音：##释义：##别称：,大字##dà/dài/tài zì##“写毛笔字”称为“写大字”##毛笔字
大学生,http://www.baike.com/wiki/大学生,http://a4.att.hudong.com/32/91/20300576610138158478911607237_s.jpg,,"大学生是社会的一个特殊群体，是指正在接受基础高等教育和专业高等教育还未毕业或受过高等教育已经毕业走进社会的一群人。作为社会新技术、新思想的前沿群体、国家培养的高级专门专业人才。大学生代表年轻有活力一族，是推动社会进步的栋梁之才。大学生，是指在各类高等学校和承担研究生教学任务的科研机构（专科、本科、研究生层次）注册入学并接受高等学校大学教育直至毕业群体统称。大学生分为普通全日制、成人全日制和非全日制的学生。不含自考生（自考生没有学籍只有考籍，属于同等学力水平，毕业证书也没有入学和毕业的时间期限，学制。其毕业证书上主考院校和自考生本人并没有教学隶属关系。不能称呼为哪个大学毕业的学生，也不拥有某主考院校的大学学历，自考生不属于大学生范畴）,也不含党校生（研究生层次属于和xx大学同等学历）。各类高等学校毕业生一般习惯上称XX大学（毕业）学历。",名称：##外文名称：##含义：##层次：,大学生##college student##正在接受高等教育群体##专科生、本科生
经济与管理学院,http://www.baike.com/wiki/经济与管理学院,//www.huimg.cn/entry/images/summary_default270x233.png,,经济与管理学院创建于1984年，当时叫农业经济系，简称农经系，1994年改为经济贸易系，2002年10月成立经济管理学院，2005年8月分别成立经济学院和管理学院，2008年7月根据学校整体学科调整的意见，经济学院和管理学院重新合并成立“经济与管理学院”。       经济与管理学院现设有农业经济管理科学学位硕士点1个，农村与区域发展和农业科技组织与服务专业学位硕士点2个；现设有农林经济管理、会计学、财务管理、物流管理、国际经济与贸易、电子商务6个本科专业以及国际贸易、国际经济与贸易和市场营销、电子商务等5个专科专业。现有全日制学生4058人，其中硕士研究生30人、普通本专科学生3546人，北大青鸟学生482人；另有专业学位研究生245人，是全校唯一办学规模超过4000人的最大规模的二级教学学院。我院学生毕业时符合条件，可获得经济学、管理学硕士或学士学位。       学院设有农业经济学、会计学、财务管理、企业管理、物流管理、理论经济学、国际贸易、国际金融、电子商务9个教研室，现有教职员工97人，其中教授13人、副教授19人、讲师45人、助教9人；86名专任教师中，有博士23人（10名在读）、硕士55人，硕士以上学历教师占专职教师总数的90%以上。        近五年来全院承担科研课题31项、教研课题27项，出版各类专著教材70余部，在国家级重要经济与管理刊物上公开发表论文510篇；获得省市和校级成果奖励74项，获山东省软科学优秀成果一等奖2项，山东省级实验成果奖4项，厅局级科研成果奖23项。        学院非常重视开展国际合作交流，已经与日本、韩国等国高校和科研院所建立了学术交流和合作关系。2007年我校与北京大学签署合作协议书，成立了“青岛农业大学北大青鸟教育中心”，共同培养软件工程师（IT）。这是我国北方唯一设在高校的北大青鸟教育中心。        我院非常重视教风、学风建设，积极营造良好的学习环境，教学秩序井然，学习氛围浓厚，已形成了“勤奋、严谨、求实、创新”的良好院风。多年来全国大学英语四级统考一次性通过率名列全校前三名。        我院的党建和思想政治工作以及精神文明建设也都取得了优异的工作成就，多次被评为学校先进集体，党总支和学生党支部也多次为评为“先进党总支”和“先进学生党支部”，学院获得“首届青岛高校优秀思想政治工作创新奖”。学生科技学术文艺活动丰富多彩并卓有成效，近年来，多名学生在国家级、省级比赛中获奖，周东宝等同学参与的“微量元素小肽螯合物”团队获第七届“挑战杯”山东省大学生创业计划竞赛特等奖，后获得竞赛终审决赛国家级铜奖，取得了“挑战杯”创业计划竞赛国家级奖零的突破。电子商务专业同学组成的“番茄”、 “e勾勾”及“好运中国”三支团队分别获得第三届（2009-2010）建行e路通全国大学生网络商务创新应用能力大赛华东区决赛“华东区决赛一等奖”、“网络营销与策划类二等奖”及“综合三等奖”。“番茄”团队晋级全国总决赛获三等奖。苏婷等五名同学获该大赛华东赛区网络营销与策划主题赛一等奖，马友勤等四名同学获商务模式创新主题赛二等奖，苏斌祺等四名同学获网络商务创新应用三等奖。宋晓天同学发明的“被子叠放支撑定型器”获国家知识产权局认定的实用新型专利权，等等。,,
组,http://www.baike.com/wiki/组,http://a2.att.hudong.com/38/12/50200009239445155960125863865_s.jpg,,组 zǔ 形声。字从糸从且，且亦声。“糸”指丝绳，“且”意为“加力”、“使劲”。“糸”与“且”联合起来表示“用力编织的绶带”。,名称：##出处：##释义：##例句：,组##《广韵》##装饰性丝带##《疏》组就者，谓以组为冕旒之就
中国,http://www.baike.com/wiki/中国,http://a1.att.hudong.com/35/99/20300576347496158454991021156_s.jpg,国家,中国，是以华夏文明为源泉、中华文化为基础，并以汉族为主体民族的多民族国家，通用汉语、汉字，汉族与少数民族被统称为“中华民族”，又自称为炎黄子孙、龙的传人。,中文名：##英文名：##别名：##国歌：##货币：##所属洲：##政体：##面积：##主要民族：##主要宗教：##官方语言：##首都：##主要城市：##时区：##国际电话区号：##道路通行：##国际域名缩写：##文字：##代表人物：##代表事物：##文化思想：,中国##China##华、夏##义勇军进行曲##人民币##亚洲##人民代表大会制度##陆地面积960万平方公里，领海约470万平方公里##汉族##佛教、道教、儒教、伊斯兰教##汉语##北京##天津、武汉、成都、广州等##东八区##+86##靠右行驶##CN##汉字##炎帝、黄帝、孔子、孙中山等##长城，故宫，龙，凤等##诸子百家、汉服文化、唐诗宋词等
内容,http://www.baike.com/wiki/内容,http://a4.att.hudong.com/17/19/20300576609009158122192621133_s.jpg,,内容是指事物所包含的实质性事物。一个艺术作品的表现、基本含义、意味或审美价值。内容关涉的是我们在艺术作品中感受到的感觉的、主观的、心理的和情感方面的意涵，与我们对描绘性方面的单纯知觉相对。,名称：##拼音：##释义：##注音：,内容##nèi róng##事物所包含的实质性事物##ㄣㄟˋ ㄖㄨㄙˊ
联系人,http://www.baike.com/wiki/联系人,http://a4.att.hudong.com/61/93/50200014992522154400930307143_s.jpg,三字一般称谓##法律##法律术语##社会,《死亡笔记》中人物，跟L一样神秘，没有人知道他的姓名和样貌。不过当L的样貌曝光后，联系人的样貌也曝光，原来他是一个老伯。联系人担当着重要的角色，任何人要联络L或L要和其他人通讯，都必须透过他。此外，联系人也协助L进行调查案件的工作。联系人更是一名神枪手，他在追捕火口的行动中大显身手。他死后，真正身份终于曝光。原来他曾经是一名发明家，并利用专利权的资金在世界各地创立孤儿院(Wammy's Home)，专门培养L的继承人。M，N都出身联系人的孤儿院。,中文名：##英文名：##拼音：##定义：##类型：,联系人##Quillsh Wammy##lián xì rén##负责接洽的人，如两人会面等##法律术语
本科生,http://www.baike.com/wiki/本科生,http://a3.att.hudong.com/20/91/50200009239445155793916515465_s.jpg,三字一般称谓##大学生,本科生，即普通高等教育本科层次的在校生、毕业生。区别于预科、专科，学生毕业后可获学士学位。学制为二年制（专科起点两年制本科），四年制（一般），五年制（医学类、建筑学）。在我国普通高考当中，本科录取分为本科一批（一本）、本科二批（二本）和本科三批（三本）（2017年部分地区取消本科三批）。,中文名：##英文名：##拼音：##定义：##所属教育：##学制：,本科生##Undergraduate##běn kē shēng##即普通高等教育本科层次的在校生、毕业生##高等教育##一般4年
动态,http://www.baike.com/wiki/动态,http://a2.att.hudong.com/74/85/50200009239445155955859665483_s.jpg,天体力学##应用程序##建筑园林城市规划名词##技术##生物化学##航海科技名词##计算机技术##计算机术语##词典##词汇##词语##语文,动态，指（事情）变化发展的情况；艺术形象表现出的活动神态；运动变化状态的或从运动变化状态考察的。,名称：##拼音：##外文名称：##日 语：,动态##dòng tài##dynamics/development##动态的
问题,http://www.baike.com/wiki/问题,http://a0.att.hudong.com/88/79/20300001220069157369794612754_s.jpg,,《问题》（英文名为：Emerson）是美国爱默生在1998年创作的诗歌。,中文名称：##读音：##作者：##词牌：##情感表达：##外文名称：,问题[爱默生的诗歌名称]##aimosheng##爱默生##诗歌##完成了对美国基督教神学与教会问题的又一次清算##Emerson
技术,http://www.baike.com/wiki/技术,http://a1.att.hudong.com/62/99/20300576611761158272994305435_s.jpg,,世界知识产权组织在1977年版的《供发展中国家使用的许可证贸易手册》中，给技术下的定义：“技术是制造一种产品的系统知识，所采用的一种工艺或提供的一项服务，不论这种知识是否反映在一项发明、一项外形设计、一项实用新型或者一种植物新品种，或者反映在技术情报或技能中，或者反映在专家为设计、安装、开办或维修一个工厂或为管理一个工商业企业或其活动而提供的服务或协助等方面。”这是至今为止国际上给技术所下的最为全面和完整的定义。实际上知识产权组织把世界上所有能带来经济效益的科学知识都定义为技术。中文名技术外文名Technology拼音ji shu本质科学知识,名称：##拼音：##释义：##用法：,技术##jishu##科学知识##中性
分数线,http://www.baike.com/wiki/分数线,http://a4.att.hudong.com/45/91/50200009239445155955917715502_s.jpg,,分数线，即分子与分母之间所画的那一条横线，有时此线也会以斜杠“/”的形式出现。,中文名：##拼音：,分数线##fen shu xian
学生,http://www.baike.com/wiki/学生,http://a1.att.hudong.com/67/44/50200009239445155970446207657_s.jpg,,学生一般指正在学校、学堂或其他学习地方受教育的人，而在研究机构或工作单位（如医院、研究所）学习的人也自称学生，以前与学生的性质相似的还有徒弟、弟子等等。根据学习的不同阶段。,名称：,学生
奖学金,http://www.baike.com/wiki/奖学金,http://a0.att.hudong.com/11/52/50200009239445155972524296303_s.jpg,京交会教育展##乡村教育##公益领域##大陆微电影##少儿救助##教育公益##爱心助学,为资助世界各国学生、学者到中国高等学校进行学习和研究，增进中国人民与世界各国人民的相互理解和友谊，发展中国与世界各国在教育、科技、文化、经贸等领域的交流与合作，中国政府设立了中国政府奖学金。教育部负责根据中国政府与外国政府或国际组织达成的协议或计划对外提供中国政府奖学金，并委托国家留学基金管理委员会(Chinese Scholarships Council，简称CSC)具体负责享受中国政府奖学金来华留学的外国学生（以下简称奖学金生）的招生及日常事务的管理工作。,中文名：##外文名：##主演：##上映时间：##类别：##导演：##影片片长：##上映地区：,奖学金##scholarship##宋运伟，谢欣坚，黄康忠##2014年##剧情 微电影##王凯鹏##15分钟##内地
办法,http://www.baike.com/wiki/办法,http://a2.att.hudong.com/52/29/50200009239445156527296419077_s.jpg,,办法，是汉语中常会用到的一个词语，意为“处理事情或解决问题的方法”，现今也指一种应用写作的法规性公文文件。,名称：##拼音：##释义：##近义词：##外文名称：,办法##bàn fǎ##处理事情或解决问题的方法##方法、生意##idea
群名片,http://www.baike.com/wiki/群名片,http://a3.att.hudong.com/20/62/50200009239445155062621970182_s.jpg,,群名片从过去的无人知晓，经过6、7年的发展，群名片已经被广大网民所认知。,中文名：##英文名：##简 介：##创建于：,群名片##qunmingpian##年轻时尚QQ非主流名片类网站##2008年12月28日
信息,http://www.baike.com/wiki/信息,http://a1.att.hudong.com/15/82/50200009239445155964827636531_s.jpg,,信息，指音讯、消息、通讯系统传输和处理的对象，泛指人类社会传播的一切内容。人通过获得、识别自然界和社会的不同信息来区别不同事物，得以认识和改造世界。在一切通讯和控制系统中，信息是一种普遍联系的形式。,中文名：##拼音：##释义：##名称：##拼音：##释义：##近义词：,信息##xìn xī##通讯系统传输和处理的对象##信息##xìn xī##泛指人类社会传播的一切内容##消息
杜建伟,http://www.baike.com/wiki/杜建伟,//www.huimg.cn/entry/images/summary_default270x233.png,人物,现任海南省疾病预防控制中心主任、党委书记。 先后从事疾病预防控制和卫生监督工作，曾任海南省疾病预防控制中心副主任、海南省卫生监督总队总队长。 是我省的流行病学和疾病控制学科带头人，主持完成科研课题11项，其中国际合作项目5项，卫生部立项课题3项（第一完成人）。,中文名：##性别：##出生地：##民族：##国籍：,杜建伟##男##河南方城县##汉族##中国
指标,http://www.baike.com/wiki/指标,http://a4.att.hudong.com/42/23/20300001220069157379232606617_s.jpg,,指标是一个汉语词语，读音是zhǐ biāo，意思是衡量目标的方法；预期中打算达到的指数、规格、标准，一般用数据表示。出自郭沫若《天地玄黄·鲁迅和我们同在》。,名称：##拼音：##释义：##近义词：##例句：##外文名称：##注 音：,"指标##zhǐ biāo##衡量目标的单位或方法##标准##今年新增了几个指标##Metrics, Index, factors##ㄓㄧˇ ㄅㄧㄠ"
通知,http://www.baike.com/wiki/通知,http://a3.att.hudong.com/72/20/50200009239445155962204270467_s.jpg,,通知，是运用广泛的知照性公文。用来发布法规、规章，转发上级机关、同级机关和不相隶属机关的公文，批转下级机关的公文，要求下级机关办理某项事务等。通知，一般由标题、主送单位（受文对象）、正文、落款四部分组成。,名称：##拼音：##释义：##作用：##分类：,通知##Tōngzhī##运用广泛的知照性公文##发布法规、规章##发布性通知、批转性通知等
全日制,http://www.baike.com/wiki/全日制,http://a0.att.hudong.com/56/28/50200009239445155793282369817_s.jpg,学习##学校##教育,全日制是指学习时间上的一种分类，全日制教育是指学生在国家规定的修业年限内，全日在学校学习，或者大部分时间从事学习的一种形式。分全日制小学、初中、高中三级学校教育。旧称谓认为全日制学习区别于业余、函授、成人等学习形式。,中文名：##英文名：##定义：##教学体制：##社会认可：##实用：,全日制##Full-time##指学习时间上的一种分类，顾名思义是按照国家法定工作、学习时间进行全天候学习的一种方式##整天上下午都安排课时##认可度最高的教学方式##普通高校
人员,http://www.baike.com/wiki/人员,http://a4.att.hudong.com/53/73/50200009239445156347736564502_s.jpg,历史##汉语##词汇##词语,(1)[personnel]：通常担任某种职务或从事某种工作的人。（如在一个工厂、办公室或组织机构内）,名称：##拼音：##出处：##释义：##例句：##外文名称：,人员##rén yuán##明 张居正《请谕戒边臣疏》##通常担任某种职务或从事某种工作的人##你部里亦要常差的当人员，侦探边事虏情，从实奏报##Staff
理论,http://www.baike.com/wiki/理论,http://a1.att.hudong.com/65/62/50200009239445155514625149205_s.jpg,,理论是一个汉语词汇，拼音是lilùn，指研究系统的一般模式，结构和规律的学问 。,名称：##拼音：##释义：##外文名称：,理论##lǐlùn##论述##reason with sb.;argue；pay attention to;acknowledge；handle
二等奖,http://www.baike.com/wiki/二等奖,http://a0.att.hudong.com/13/66/50200009239445155960669012818_s.jpg,,二等奖是常见的奖项之一，一般奖项设置有一等奖、二等奖、三等奖、优秀奖等，二等奖属于第二层次的奖励，高于三等奖，低于一等奖。,中文名：##高于：##是：##涵 义：,二等奖##三等奖##常见的奖项之一##第二层次的奖励
证明,http://www.baike.com/wiki/证明,http://a1.att.hudong.com/50/30/20300001087548155996301809131_s.jpg,汉语##词语,拼音：zhèng míng ；注音：ㄓㄥˋ ㄇㄧㄥˊ；英译： [prove;demonstrate；certificate;identification;testimonial；基本解释：(1)根据确实的材料判明人或事物的真实性 (2) 指证明书、证明信。,名称：##拼音：##释义：##注音：##英 译：,证明##zhèng míng##指证明书##ㄓㄥˋ ㄇㄧㄥˊ##prove;demonstrate
比重,http://www.baike.com/wiki/比重,//www.huimg.cn/entry/images/summary_default270x233.png,,"比重也称相对密度，固体和液体的比重是该物质（完全密实状态）的密度与在标准大气压，3.98℃时纯HO下的密度（999.972 kg/m）的比值。气体的比重是指该气体的密度与标准状况下空气密度的比值。液体或固体的比重说明了它们在另一种流体中是下沉还是漂浮。比重是无量纲量,即比重是无单位的值，一般情形下随温度、压力而变。比重简写为s.g.",拼音：##别称：##类别：,bǐ zhòng##相对密度##无量纲量
工作日,http://www.baike.com/wiki/工作日,http://a1.att.hudong.com/76/28/50200009239445155961287095367_s.jpg,日期##法律##法律术语##社会##节日,工作日（Working Day/Workday）也称劳动日，是指在一昼夜内职工进行工作时间的长度（小时数）。工作日是以日为计算单位的工作时间。《中华人民共和国劳动法》第三十六条规定：“国家实行劳动者每日工作时间不超过八小时、平均每周工作时间不超过四十四小时的工时制度。”1995年3月25日，《国务院关于职工工作时间的规定》对工时制度作了修改，规定为：“职工每日工作八小时，每周工作四十小时。”因此，从1995年5月1日起，我国普遍实行每周工作5日（周一到周五）、每日工作8小时的工时制度。,中文名：##英文名：##别称：##定义：##法律依据：##规定：,工作日##working day##劳动日##指在一昼夜内职工进行工作时间的长度（小时数）。##中国人民共和国劳动法##每日八小时，每周四十个小时
杜博,http://www.baike.com/wiki/杜博,http://a2.att.hudong.com/38/67/50200009239445155563670790983_s.jpg,,杜博，中国内地歌手，英皇星艺签约歌手 。自2008年凭借EP专辑《受伤》出道来，成功走进人们的视线中，深受内地歌迷的喜爱。杜博的声音亮相还是很磁性的，细腻中不失张力，在当下男歌手中算是很有特色，颇具有辨识度，带给你的不只是歌声，是音乐直流心底，透彻心扉， 让你心随所动的心情释放。,,
类,http://www.baike.com/wiki/类,http://a0.att.hudong.com/77/50/50200009239445155972503971116_s.jpg,,类（Class）是面向对象程序设计（OOP，Object-Oriented Programming）实现信息封装的基础类是一种用户定义类型，也称类类型。每个类包含数据说明和一组操作数据或传递消息的函数。类的实例称为对象。,中文名：##英文名：##拼音：##定义：##类型：,类[编程术语]##Class##lèi##类（Class）是面向对象程序设计（OOP，Object-Oriented Programming）实现信息封装的基础。类是一种用户定义的引用数据类型，也称类类型。##一种引用数据类型
学院,http://www.baike.com/wiki/学院,http://a3.att.hudong.com/76/08/20300576606378158200083170845_s.jpg,,学院（英文名：College、Institute或Academy）主要指门类科目较少、专业性强的高等教育机构。,名称：##拼音：##释义：##外文名称：,学院##[xué yuàn]##主要指门类科目较少、专业性强的高等教育机构##College、Institute
院长,http://www.baike.com/wiki/院长,http://a1.att.hudong.com/87/61/50200009239445155972618105863_s.jpg,,院长，这一称呼泛指以院为名称的单位的主管人员，一般是某种单位的法定责任人，例如，法院的“院长”，医院的“院长”，敬老院的“院长”等。,名称：##拼音：##出处：##释义：##例句：##地位：,院长##yuàn zhǎng##《唐国史补》##以“院”为名称的单位的主管人员##法院、医院院长##某种单位的法定责任人
大楼,http://www.baike.com/wiki/大楼,//www.huimg.cn/entry/images/summary_default270x233.png,房地产术语,本词条内容尚未完善，欢迎各位编辑词条，贡献自己的专业知识！,中文名称：##作者：##小说类型：##发布状态：,大楼##奥沙西畔##恐怖惊悚##连载中
外语,http://www.baike.com/wiki/外语,http://a4.att.hudong.com/83/88/50200009239445155959886963767_s.jpg,俄语##德语##日语##法语##英语##越南语##阿拉伯语,外语，指外国语，即非本国人使用的语言。指某一地区的本土居民不使用的语言：例如，英语在中国就是一种外语。它也指某人所属国家不使用的语言，也即，对一名生活在中国的英语使用者来说，中文也是一门外语。,名称：##拼音：##释义：##外文名称：##创作年代：,外语##wài yǔ##非本国人使用的语言##Foreign Languages##现代
学位,http://www.baike.com/wiki/学位,http://a2.att.hudong.com/22/75/50200009239445155956758382721_s.jpg,乡村教育##博士##学位##少儿救助##爱心助学##生物化学品,学位是标志一个人学历的头衔，即一个人通过学习取得学识及相应学习能力程度的标志，由国家授权的高等学校颁发。一般包括学士、硕士、博士三种。学位和学历的区别：学位是学历的标志，不和学校学习的经历或学历挂钩；而学历则必须是学校学习的经历。所以有学历不一定有学位，没有学历一定没有学位。,中文名：##英文名：##其他外文名：##起 源：##：,学位##degree##grade universitaire##欧洲中世纪##学士、硕士、博士、副学士
一等奖,http://www.baike.com/wiki/一等奖,//www.huimg.cn/entry/images/summary_default270x233.png,,"护照信息/一等奖[蔷薇科植物] 编辑


			
		平台资源号：1111C0003211000083资源编号：ROCHI5301271083原产地：美国省：美国来源地：美国国家：美国资源类型：选育品种
 描述信息/一等奖[蔷薇科植物] 编辑


			
		主要特性：抗病,优质主要用途：观赏气候带：温带生长习性：喜好温性开花结实特性：花期夏季至秋季特征特性：株型半直立;花朵约20~25枚瓣;高满卷边状;粉红色;花径14cm;气味淡香具体用途：用于花坛;容器栽培观测地点：嵩明小街国家林业局月季测试站繁殖方式：无性繁殖(嫁接繁殖),无性繁殖(扦插繁殖)选育单位：美国Boerner培育育成年份：1970年保存单位：云南省花卉技术培训推广中心单位编号：B303库编号：B303保存材料类型：植株保存方式：原地保存保存时间：20100101实物状态：良好
 共享信息/一等奖[蔷薇科植物] 编辑


			
		共享方式：资源交换获取途径：现场获取[1]",,
数,http://www.baike.com/wiki/数,http://a4.att.hudong.com/04/79/20300576611296158269796250350_s.jpg,,数，shu，从娄从攴，计也。,中文名：##英文名：##领 域：##实 质：##分 类：,数##number##数学##计数、标记或用作量度的抽象概念##整数、分数、负数、无理数等
助学金,http://www.baike.com/wiki/助学金,http://a1.att.hudong.com/34/11/50200009239445155962110952000_s.jpg,乡村教育##公益领域##少儿救助##爱心助学,联邦助学金(Federal Student Aid)是对于在合格的高等院校注册上学的学生支付学校开销方面提供的财务支援。高等院校包括4年制或2年制公立或私立高教学校、职业专科学校或商业专科学校。学校开销包括学杂费、食宿费、书本和学习用品费、交通费等。多数的联邦助学金是依据需要而设置的。联邦助学金最常见的有三类：奖学金、贷款和工读金。,中文名：##英文名：##别称：##拼音：##定义：##数目：##概述：,助学金##Federal Student Aid##奖学金##zhu xue jin##助学金是一种对家庭经济困难的学生进行资助的方式##三种##不需要偿还的助学金
教育部,http://www.baike.com/wiki/教育部,http://a3.att.hudong.com/04/50/50200009239445155961501860128_s.jpg,,中华人民共和国教育部是中华人民共和国国务院主管教育事业和语言文字工作的国务院组成部门。截至2017年7月，教育部设有19个内设司、局，“中国联合国教科文组织全国委员会秘书处”也设在其中。另外，教育部还直接管理15个教育类社会团体和组织 。,中文名称：##外文名：##别称：##办公驻地：##性质：##现任部长：##职能：##官方网站：##组织上级机构：##机构类型：,中华人民共和国教育部##Ministry of Education of the People's Republic of China##教育部##北京##行政管理机构和国立院校的经营者。##陈宝生（部长、党组书记）##主管教育事业和语言文字工作的国务院组成部门##http://www.moe.gov.cn/##国务院##国务院组成部门
组长,http://www.baike.com/wiki/组长,http://a4.att.hudong.com/23/93/50200009239445155972937035911_s.jpg,,组长是组织、生活中的领导人，组是对人的一种组织方式。组长是一组之首、负责人。,名称：##释义：##分类：##组长职责：,组长##组织、生活中的领导人##班级组长##对工作认真
武,http://www.baike.com/wiki/武,http://a2.att.hudong.com/25/57/50200009239445155864572467914_s.jpg,姓氏##百家姓,武姓，中国百家姓之一。源于河南，安阳、商丘、洛阳等地。 最早可追溯于商朝国君武丁。武则天父亲因功晋封周国公，武则天称帝后改国号为周，使武姓成为中华著名姓氏之一。,中文名：##起源地：##姓氏名人：##百家姓排名：##姓氏人口：,武姓##安阳、商丘、洛阳##武丁、武则天、武元衡、武三思、武图功##95##约220多万人
武汉,http://www.baike.com/wiki/武汉,http://a2.att.hudong.com/71/27/50200009239445155800279892550_s.jpg,城市,武汉，简称“汉”，别称“江城”，是湖北省省会，中部六省唯一的副省级市和特大城市，中国中部地区的中心城市，长江经济带核心城市，全国重要的工业基地、科教基地和综合交通枢纽，中央军委联勤保障部队驻地。全市下辖13个市辖区，总面积8494.41平方公里，2018年常住人口1108.1万人，地区生产总值1.48万亿元。,中文名：##外文名：##别称：##所属地区：##面积：##人口：##GDP：##地理位置：##著名景点：##市花、市树：##机场：##电话区码：##政府驻地：##火车站：##行政类别：##地方方言：##著名学校：##车牌代码：##地区生产总值：##现任领导：##城镇人均收入：##城市类别：##城市精神：##气候条件：##市长：##邮政编码：##下辖区域：,武汉##Wuhan##江城、大武汉、九省通衢、东方芝加哥##中国华中地区 湖北省##8494.41平方公里##1091.4万（2017年）##123111元（2017年）##江汉平原东部，长江、汉江交汇处##东湖、黄鹤楼、木兰天池、汉口租界、归元寺、欢乐谷、汉口江滩等##市树：水杉；市花：梅花##武汉天河国际机场、顺丰国际机场##027##江岸区沿江大道188号##武昌站、汉口站、武汉站、光谷站、新汉阳站等##地级市##西南官话-武天片-武汉话##武汉大学、华中科技大学等##鄂A##13410.34亿元（2017年）##市委书记：马国强；市长：周先旺##123111元（2017年）##地级市##敢为人先，追求卓越##亚热带季风气候##周先旺##430000##13个市辖区
文件,http://www.baike.com/wiki/文件,http://a4.att.hudong.com/77/11/20300576309418157431111099610_s.jpg,,广义的“文件”指公文书信或指有关政策、理论等方面的文章。文件的范畴很广泛，电脑上运行的如杀毒、游戏等软件或程序都可以叫文件。,名称：,文件
火车票,http://www.baike.com/wiki/火车票,http://a0.att.hudong.com/37/77/50200009239445155957773585658_s.jpg,,火车票，英文名称是railway ticket。是乘客乘坐火车需出示的票据，主要由客票和附加票两部分构成。客票部分为软座、硬座。附加票部分为加快票、卧铺票、软卧票等。,中文名：,火车票
兴趣,http://www.baike.com/wiki/兴趣,http://a0.att.hudong.com/23/67/20300542518817139905670686552_s.jpg,多义词,兴趣指兴致，对事物喜好或关切的情绪。心理学人们力求认识某种事物和从事某项活动的意识倾向。它表现为人们对某件事物、某项活动的选择性态度和积极的情绪反应。兴趣在人的实践活动中具有重要的意义，可以使人集中注意，产生愉快紧张的心理状态。,英文：,interest
管理科学,http://www.baike.com/wiki/管理科学,http://a0.att.hudong.com/21/43/50200009239445155564430352788_s.jpg,,"管理科学是数学、社会科学与经济学等学科相互渗透并在它们的边缘上发展起来的新学科，因此它既有理工类学科的属性，也有社会学科的属性。例如，在定量分析时采用数学方法,但在定性分析时却采用逻辑推理和辩证分析的方法，有时是两者的结合。",中文名：##英文名：,管理科学##Journal of Management Sciences
研究生院,http://www.baike.com/wiki/研究生院,http://a1.att.hudong.com/20/18/50200009239445155529182546007_s.jpg,,研究生院（台湾：研究所，港澳：研究院），是指大学之后的进阶教育研究机构，一般设于大学中，以“某大学某研究生院”的形式存在，也有独立设立者。,中文名：##英文名：,研究生院##Graduate School
模式,http://www.baike.com/wiki/模式,//www.huimg.cn/entry/images/summary_default270x233.png,,模式是主体行为的一般方式，包括科学实验模式、经济发展模式、企业盈利模式等，是理论和实践之间的中介环节，具有一般性、简单性、重复性、结构性、稳定性、可操作性的特征。模式在实际运用中必须结合具体情况，实现一般性和特殊性的衔接并根据实际情况的变化随时调整要素与结构才有可操作性。 模式，指事物的标准样式。如：发展模式。,,
线,http://www.baike.com/wiki/线,http://a3.att.hudong.com/77/22/50200009239445155960229462122_s.jpg,,《线》是2014年南海出版社出版的图书，作者是〔英〕维多利亚·希斯洛普。,名称：##作者：##原版名称：##类别：##价格：##ISBN：##出版社：##页数：##出版时间：##装帧：##译者：##品牌：,线##〔英〕维多利亚·希斯洛普##The Thread##外国文学##39.50##王爱燕 / 郭莉##南海出版公司##外国文学##2014年7月##平装##王爱燕 / 郭莉##新经典文化股份有限公司
条件,http://www.baike.com/wiki/条件,http://a4.att.hudong.com/21/52/50200009239445155961527946256_s.jpg,,条件是一个汉语词汇，读音为tiáo jiàn，意思是事物存在、发展的影响因素；所具备或处于的状况。《北史·郎基传》等史书有相关记载。,名称：##英文名称：##名称：##拼音：##出处：##外文名称：,条件##condition##条件##tiáo jiàn##《北史·郎基传》##Condition
材料,http://www.baike.com/wiki/材料,http://a3.att.hudong.com/66/10/50200009239445155960101256264_s.jpg,二字地理名词##制造##技术##机械##机械工程##机械零件##材料##环境工程##生物化学##生物化学品##非金属材料##高新技术,"简介/材料 编辑


			
		材料英文名：Material
 
 材料
材料 汉语拼音：cáiliào[Material]∶原料;可供制成成品的东西材料科学材料力学[Data;Material]∶资料;可供参考或作为素材的事物[Makings;Stuff]∶胜任某事的人选他不是演戏的材料
 含义/材料 编辑


			
		材料是人类赖以生存和发展的物质基础。20世纪70年代人们把信息、材料和能源誉为当代文明的三大支柱。80年代以高技术群为代表的新技术革命，又把新材料、信息技术和生物技术并列为新技术革命的重要标志。这主要是因为材料与国民经济建设、国防建设和人民生活密切相关。 材料除了具有重要性和普遍性以外，还具有多样性。由于材料多种多样，分类方法也就没有一个统一标准。材料是人类用于制造物品、器件、构件、机器或其他产品的那些物质。材料是物质，但不是所有物质都可以称为材料。如燃料和化学原料、工业化学品、食物和药物，一般都不算是材料。但是这个定义并不那么严格，如炸药、固体火箭推进剂，一般称之为“含能材料”，因为它属于火炮或火箭的组成部分。由于多种多样，分类方法也就没有一个统一标准。从物理化学属性来分，可分为金属材料、无机非金属材料、有机高分子材料和不同类型材料所组成的复合材料。从用途来分，又分为电子材料、航空航天材料、核材料、建筑材料、能源材料、生物材料等。更常见的两种分类方法则是结构材料与功能材料。
 分类/材料 编辑


			
		从物理化学属性来分：可分为金属材料、无机非金属材料、高分子材料。从用途来分：可分为电子材料、航空航天材料、核材料 、建筑材料、能源材料、生物材料等。按部位分类：就是按材料在空间的使用部位来将材料分类，如内墙材料、外墙材料、顶棚材料地面材料等。但这种分法确立之后，我们遇到一种材料既可以用到室内，也可以用到室外。在室内，一种材料既可以用在地面、墙面，又可以用到顶棚上去，如石材、涂料等。如果一块石片贴到顶棚、墙面、地面上，人们就会对有些材料的分类归属产生疑问。由此看来，要想把材料分清楚，只有从材料的本质来分及化学组成上来分。 其他分类它们是结构材料与功能材料：传统材料与新型材料。结构材料是以力学性能为基础，以制造受力构件所用材料，当然，结构材料对物理或化学性能也有一定要求，如光泽、热导率、抗辐照、抗腐蚀、抗氧化等。功能材料则主要是利用物质的独特物理、化学性质或生物功能等而形成的一类材料。一种材料往往既是结构材料又是功能材料，如铁、铜、铝等。传统材料是指那些已经成熟且在工业中已批量生产并大量应用的材料，如钢铁、水泥、塑料等。这类材料由于其量大、产值高、涉及面广泛，又是很多支柱产业的基础，所以又称为基础材料。新型材料(先进材料)是指那些正在发展，且具有优异性能和应用前景的一类材料。新型材料与传统材料之间并没有明显的界限，传统材料通过采用新技术，提高技术含量，提高性能，大幅度增加附加值而成为新型材料；新材料在经过长期生产与应用之后也就成为传统材料。传统材料是发展新材料和高技术的基础，而新型材料又往往能推动传统材料的进一步发展。 生态建筑材料
 
 铁矿粉
生态建筑材料的科学和权威的定义仍在研究确定阶段。生态建筑材料的概   念来自于生态环境材料。生态环境材料的定义也仍在研究确定之中。其主要特征首先是节约资源和能源；其次是减少环境污染，避免温室效应与臭氧层的破坏；第三是容易回收和循环利用。作为生态环境材料一个重要分支，按其含义生态建筑材料应指在材料的生产、使用、废弃和再生循环过程中以与生态环境相协调，满足最少资源和能源消耗，最小或无环境污染，最佳使用性能，最高循环再利用率要求设计生产的建筑材料。显然这样的环境协调性是一个相对和发展的概念。 生态建材与其它新型建材在概念上的主要不同在于生态建材是一个系统。工程的概念，不能只看生产或使用过程中的某一个环节。对材料环境协调性的评价取决于所考察的区间或所设定的边界。国内外画龙点睛在出现各种各样称之为生态建材的新型建筑材料，如利用废料或城市垃圾生产的“生态水泥”等。但如果没有系统工程的观点，设计生产的建筑材料有可能在一个方面反映出“绿色”而在其它方面则是“黑色”，评价时难免失之偏颇甚至误导。
 
 发热合金材料
例如，高性能的陶瓷材料可能废弃后难以分解，建筑高分子材料常常难于降   解，复合建筑材料因组成复杂也给再生利用带来难度；黏土陶料混凝土砌块轻质、高强、热绝缘性和防火性能好，但其生产需要较高的能耗；塑钢门窗较钢窗和铝合金窗更坚固耐久和热绝缘性能更好，但它包含高的能源成本和废弃处理时将对环境产生严重的负担；立窑水泥也可能仅因其一产耗能小而被认为比旋窑水泥的环境协调性好，甚至对因释放温室气体CO2而“黑名昭著”的水泥产业，也应看到其制成品水泥混凝土在使用过程自然发生的碳化过程对CO2的吸收。生产1吨水泥熟料，因燃煤和石灰石分解大约释放出1吨CO2，除了燃煤释放的CO2以外（约占40%），水泥烧成中碳酸钙分解释放的CO2量可以在缓慢的碳化过程中被水泥混凝土完全吸收。为全面评价建筑材料的环境协调性能，需要采用生命周期评价方法（Life Cycle Assessment,简称LCA）。生命周期评价方法是对材料整个生命周期中的环境污染、能源和资源消耗与资源影响大小的一种方法。虽然已有一些专著介绍并已进入ISO国际标准，对建筑材料而言，LCA还是一个正在研究和发展中的方法。
 
 装饰材料
关于生态建材的发展方式和对环境协调性的改进，日本学者三本良一教授总结了四类创   新的方法和它们各自对环境协调性贡献大小的评价，即，产品改进，重新设计，功能创新和系统创新。系统创新对环境协调性的改进最大，花费的时间最长，不难理解，系统创新的难度也最大，而产品的改进相对简单，对环境协调性的提高也相对小些。这里需要指出的是，对某种材料而言，生态化或环境协调化的发展并不一定要遵循这四种排列顺序。 关于生态建材的发展策略，还有一些问题很难回答。如环境协调性与使用性能之间并不总是能协调发展相互促进。笔者认为，生态建材的发展不能以过分牺牲使用性能为代价。但生态建材料使用性能的要求不一定都要高性能，而是指满足使用要求的优异性能或最佳使用性能。性能低的建筑材料势必影响耐久性和使用功能，如采用LCA方法评价，在生产环节中为节能利废而牺牲性能并不一定能提高材料的环境协调性。建筑材料的辐射建筑材料辐射是目前对人们伤害程度最大的辐射因素，原因是这些辐射来源于异常的放射性元素。现
 
 建筑材料
有的家居装饰石材，一种是花岗岩，由石英、长石、云母组成，另一种则是大理石。这两种石材中含有一些放射性元素，如镭、铀等，这些元素在衰变过程中会产生放射性物质，如氡等。长期呼吸高浓度的含放射性物质的空气，会对人的呼吸系统，尤其是肺部造成辐射损伤，并引发多种疾病，如胸痛、发烧等，严重的还会导致人体部分细胞癌变，危及生命。除此之外，建筑装修中采用的陶瓷卫浴等，都有可能含有超量的放射性物质，从而对人体健康产生不良影响。新型建筑材料新型建筑材料是区别于传统的砖瓦、灰砂石等建材的建筑材料新品种，包括的品种和门类很多。从功能上分，有墙体材料、装饰材料、门窗材料、保温材料、防水材料、粘结和密封材料，以及与其配套的各种五金件、塑料件及各种辅助材料等。从材质上分，不但有天然材料，还有化学材料、金属材料、非金属材料等等。新型建材具有轻质、高强度、保温、节能、节土、装饰等优良特性。采用新型建材 不但使房屋功能大大改善，还可以使建筑物内外更具现代气息，满足人们的审美要求；有的新型建材可以显著减轻建筑物自重，为推广轻型建筑结构创造了条件，推动了建筑施工技术现代化，大大加快了建房速度。 新型建材的性能和功用各不相同，生产新型建材产品的原材料及工艺方法也各不相同。就其发展情况而言，有的品种重在花色，花色品种层出不穷，如装饰装修材料；有的品种重在功能，如保温材料；有的则通过深加工衍生出多个品种，如新型建筑板材等。以新型建筑板材为例。新型建筑板材有几十个品种，其中纸面石膏板、玻璃纤维增强水泥（GRC）板、无石棉硅钙板是目前中国生产量最大、应用最普遍的三种新型建筑板材。这三种板材不但所采用的原料不同，生产工艺不同，其性能和功用也不同。如纸面石膏板主要原料为石膏和护面纸，适用于作内墙板和吊顶板；玻璃纤维增强水泥板主要原料是低碱水泥和耐碱玻璃纤维，适用于作内外墙板；硅钙板主要原料是硅钙材料，除用作内外墙板外，还可用于装修以及制做和房屋结合在一起的家具等。这三种板的同一特点是：采用它们作为原始板材，再分别配上防渗、保温、防火等功能材料，采用复合技术，可生产出各种轻质和性能优越的新型墙体材料。此外，它们所用的原材料均为非金属材料，而且又是三种最易得到的非金属材料。
 
 铂 漆器 乾隆清花
中国的新型建材工业，在党和政府的高度重视和支持下，经过20多年的发展，已具备了相当的规模和较为齐全的品种。随着许会主义市场经济体制的建立、城镇居民安居工程的实施，中国的新型建材工业必将得到更大的发展。 相变保温材料相变材料是利用材料在发生相变的过程中，可以吸收环境的热(冷)量，并在需要时向环境释放出热(冷)量，从而达到控制周围环境温度的目的|利用相变材料的相变潜热(Latent Heat Storage，LHS)来实现能量的贮存和利用，有助于开发环保节能型的相变复合材料。 装饰材料1.地面装饰材料。常用的有：水泥砂浆地面，耐磨性能好，使用最广，但有隔声差、无弹性、热导率大等缺点。大理石地面，纹理清晰美观，常用于高级宾馆等公共活动场所。水磨石地面，有很好的耐磨性，光亮美观，可按设计做成各种花饰图案。木地板，富有弹性，热导率小，给人以温暖柔和的感觉，拼花硬木地板还铺成席纹、人字形图案，经久耐用，多用于体育馆、排练厅、舞台、宴会厅。新型的地面装饰材料有木纤维地板、塑料地板、陶瓷锦砖等。陶瓷锦砖质地坚硬、耐酸、耐碱、耐磨、不渗水、易清洗，除作为地砖外，还可作内外墙饰面。2.内墙装饰材料传统的作法是刷石灰水或墙粉，但容易污染，不能用湿法擦洗，多用于一般建筑。较高级的建筑多用平光调和漆，色泽丰富，不易污染，但掺入的有机溶剂挥发量大，污染大气，影响施工人员的健康，随着科学的发展，有机合成树脂原料广泛地用于油漆，使油漆产品面貌发生根本变化而被称为涂料，成为一类重要的内外墙装饰材料。用纸裱糊室内墙面和顶棚有悠久的历史，但已被塑料壁纸和玻璃纤维贴墙布所替代。石膏板有防火、隔声、隔热、轻质高强、施工方便等特点，主要用于墙面和平顶；作平顶时，可打成各种花纹的孔，以提高吸声和装饰效果。钙塑板有良好的装饰效果，能保温隔声，是多功能板材。大理石板材、花岗石板材用于装饰高级宾馆、公寓的也日益增多。3.外墙装饰材料
 
 不锈钢
常用的有水泥砂浆、剁假石、水刷石、釉面砖、陶瓷锦砖、油漆、白水   泥浆等。新的外墙装饰材料如涂料、聚合物水泥砂浆、石棉水泥板、玻璃幕墙、铝合金制品等，正在被一些工程所采用。材料的选择：①主要用途；②外观；③物理性质（密度，硬度，强度，导电性，导热性）；④化学性质（对水的作用，耐腐蚀性）；⑤价格；⑥加工难度；⑦日常维护；⑧对环境的影响； 金属材料历史以各种金属作为建筑装饰材料，有着源远流长的历史，至今还留下许多痕迹，如颐和园中的铜亭，泰山顶上的铜殿，昆明的金殿，西藏的布达拉宫金碧辉煌的装饰等等都是古人留下的典范。 现代金属装饰材料用于建筑物中更是多种多样，丰富多彩。这是因为金属材料具有独特的光泽和颜色t作为建筑装饰材料，金属庄重华贵，经久耐用，均优于其他各类建筑装饰材料。现代常用的金属装饰材料包括有铝及铝合金、不锈钢、铜及铜合金。 金属装饰材料的种类及特点 ，用于装饰的金属材料种类有铝及铝合金、不锈钢、铜及铜合金等。金属材料分类金属材料分为黑色金属和有色金属两大类。 黑色金属包括铸；铸铁、钢材，其中的钢材主要是作房屋、桥梁等的结构材料，只有钢材的不锈钢用作装饰使用，有色金属包括有铝及其合金、铜及铜合金：金、银等，它们广泛地用于建筑装饰装修中。铝合金及其装饰制品铝是有色金属中的轻金属，密度为2.7g/m*m，银白色。铝的导电性能和导热性能都很好，化学性质也很活泼，暴露于空气中，表面易于生成一层氧化铝薄膜，保护下面金属不再受到腐蚀，所以铝在大气中耐蚀性较强，但因薄膜极薄，因而其耐蚀性有一定限度。纯铝具有很好的塑性，可制成管、棒、板等。但铝的强度和硬度较低。铝的抛光表面对白光的反射率达80%以上，对紫外线、红外线也有较强的反射能力。铝还可以进行表面着色，从而获得具有良好的装饰效果。铝合金是为了提高铝的实用价值，在铝中加入镁、锰、铜、锌、硅等元素而组成的。铝合金种类很多，用于建筑装饰的铝合金是变形铝合金中的锻铝合金（简称锻铝，代号 LD）。锻铝合金是铝镁硅合金（AI—Mg—Si合金），其中的LD31具有中等强度，冲击韧性高，热塑性极好，可以高速挤压成结构复杂、薄壁、中空的各种型材或锻造成结构复杂的锻件。LD31的焊接性能和耐蚀性优良，加工后表面十分光洁，并且容易着色，是AI—Mg—Si系合金中应用最为广泛的合金品种。铝合金装饰制品有：铝合金门窗、铝合金百页窗帘、铝合金装饰板、铝箔、镁铝饰板、镁铝曲板、铝合金吊顶材料、铝合金栏杆、扶手、屏幕、格栅等。 铝箔是指用纯铝或裢合金加工成6.3pm至0.2mm的薄片制品。铝箔有很好的防潮性能和绝热性能，所以铝箔以全新的多功能保温隔热材料和防潮材料广泛用于建筑业；如卷材铝箔可用作保温隔热窗帘，板材铝箔（如铝箔波形板、铝箔泡沫塑料板等）常用在室内，通过选择适当色调图案，可同时起很好装饰作用。不锈钢建筑装饰制品不锈钢是含铬12%以上，具有耐腐蚀性能的 不锈钢铁基合金。不锈钢可分为不锈耐酸钢和不锈钢两种，能抵抗大气腐蚀的钢称不
 
 金箔
锈刚，而在一些化学介质（如酸类）中能抵抗腐蚀的钢为耐酸钢。通常将这两种钢统称为不锈钢。用于装饰上的不锈钢主要是板材，不锈钢板是借助于不锈钢板的表面特征来达到装饰目的的，如表面的平滑性和光泽性等。还可通过表面着色处理，制得褐、蓝、黄、红、绿等各种彩色不锈钢，既保持了不锈钢原有的优异的耐蚀性能，又进一步提高了它的装饰效果。轻钢龙骨轻钢龙骨是安装各种罩面板的骨架，是木龙骨的换代产品。轻钢龙骨配以不同材质、不同花色的罩面板，不仅改善了建筑物的热一学、声学特性，也直接造就了不同的装饰艺术和风格，是室内设计必须考虑的重要内容。轻钢龙骨从材质上分有铝合金龙骨、铝带龙骨、镀锌钢板龙骨。和薄壁冷轧退火卷带龙骨。从断面上分有V型龙骨、C型龙骨及L型龙骨。从用途上分有吊顶龙骨（代号D）、隔断（墙体）龙骨（代号Q）。吊顶龙骨有主龙骨（大龙骨）、次龙骨（中龙骨和小龙骨）。主龙骨也叫承载龙骨，次龙骨也叫覆面龙骨。隔断龙骨有竖龙骨、横龙骨和通贯龙骨之分。铝合金龙骨多做成T型，T型龙骨主要用于吊顶。各种轻钢 薄板多作成V型龙骨和C型龙骨，它们在吊顶和隔断中均可采用。其他金属材料铜及铜合金：纯铜是紫红色的重金属，又称紫铜。铜和锌的合 金称作黄铜。其颜色随含锌量的增加由黄红色变为淡黄色，其机械性能比纯铜高，价格比纯铜低，也不易锈蚀，易于加工制成各种建 筑五金、建筑配件等。 铜和铜合金装饰制品有：铜板、黄铜薄壁管、黄铜板、铜管、铜棒、黄铜管等。它们可作柱面、墙面装饰，也可制作成栏杆、扶手等 装饰配件。金箔：是以黄金为颜料而制成的一种极薄的饰面材料，厚度仅为0.lpm左右。较多的是国家重点文物和高级建筑物的局部 用金箔装被润色。金字招牌：是金箔的应用的一种创新，是其他材料制作的招牌无法比拟的，豪华名贵，永不褪色，能保持20年以上。它的价格比一般铜字招牌贵一倍左右，但外表色彩与光泽，使用年限都明显好于铜字招牌。
 选择/材料 编辑


			
		选择材料应注意的问题塑料配方设计过程中选择材料注意的问题—据一项统计数据表明：在统计调查注射制品失败中，23%是选择材料的错误，9%是选择添加剂上的错误。由此可见选择材料的重要性。一般要求材料成本下降、材料性能提高，同时还要考虑时代的外观美及耐久性，所以很难选择一种能满足所有性能要求的合适材料。例如，用注射成型方法生产透明容器时，在一般情况下可选择聚苯乙烯或聚甲基丙烯酸甲酯两种材料。但如果要求廉价为首要条件，则就要选用聚苯乙烯；反之，如果强调耐候性能时，就要确定选聚甲基丙烯酸甲酯（即有机玻璃）。如果还要再加上耐冲击性能好的话，则就要排除上述两种材料而选择聚碳酸酯，当然成本要提高。 一般在选择中应考虑以下内容：所要选择的材料在使用环境中最高和最低的温度变化范围内可否承受住，在这个温度范围内材料能否变形、易发生龟裂否、耐冲击性能如何等。若不符合用户要求，就要改变现有的塑料品种，另选择一个新的品种，或进行改性处理。另外，所要设计的材料在使用环境中的其他因素影响也需要考虑。在要求制品尺寸稳定性能好时，还要考虑到树脂的热膨胀系数、要考虑树脂的热膨胀系数、成型初期及成型后期的收缩率变化、吸湿性等因素。一般情况下，不可能满足所有的条件，只要满足主要条件就可以了。关于质量标准的掌握，一般按下述条件而定。（1）能否承受使用环境溢度的变化、阳光的影响及使用时负荷的变化。（2）制品是否合乎卫生标准及安全性。（3）弯曲强度、拉伸强度、冲击强度、电绝缘性、弧性、耐火性、耐水性、耐油性能、电学性能是否符合国家标准、、耐溶剂性等机械力学性能、企业标准。（4）尺寸稳定性能、光学性能、抗毒抗湿抗菌性能如何。（5）外观上及经济成本、特殊要求是否能达到要求。对于长期使用的塑料材料及制品，必须考虑维修及保养费用，若能够大幅度削减维修费用时，即使初期投资较大，但对材料整体看，还是有利的。另外还要考虑成型加工性能及二次加工性的难易程度，考虑材料在模具中的变化情况。在设计制作轴承、齿轮等重要部件时，还应该进行物理机械性能检验分析；做透明材料时，还应进行光学试验及修正。",中文名：##英文名：##其他外文名：##拼 音：##定 义：##含 义：##分 类：,材料##materials##matériel##cáiliào##指有用的物质都可以称之为材料##是人类赖以生存和发展的物质基础##物理化学属性，用途，部位
情况,http://www.baike.com/wiki/情况,http://a3.att.hudong.com/30/07/50200009239445155961075730835_s.jpg,数学术语##术语##科学##自然科学##计算机##计算机术语,情况是一个名词，读音为qíng kuàng，是指情形，情景。出自《堕及妻赵氏墓志》。情况也有指事情的来龙去脉等意思。,名称：##拼音：##出处：##释义：##外文名称：##词性：,情况##qíng kuàng##《堕及妻赵氏墓志》##情形，情景##Condition##名词
平台,http://www.baike.com/wiki/平台,http://a0.att.hudong.com/31/43/20300542392970142614432294803_s.jpg,书籍##励志##图书,平台又名《平台：自媒体时代用影响力赢取惊人财富》，是全球自媒体营销泰斗迈克尔·哈耶特的里程碑之作。2013年10月1日，由中央编译出版社出版发行。书籍介绍了在当今市场要想获得成功，必须拥有两个战略资产：让人欲罢不能的产品和有效平台。托马斯·纳尔逊出版公司前首席执行官、现任董事会主席迈克尔·哈耶特以本书为指南，引领读者从无人问津的台下幕后一步一步成功走进崭新的传媒世界。展示那些畅销书作家、演说家、企业家、音乐家以及其他具有创造能力的人们如何独辟蹊径，在当今激烈竞争的市场赢得顾客。哈耶特是经验之谈。他本身就是世界顶级博客作者之一，拥有大量微博粉丝，其巨大并且日益扩张的平台正是他成功开展写作、演讲和咨询业务的基础。,名称：##作者：##英文名：##类别：##价格：##ISBN：##出版社：##开本：##出版时间：##装帧：,平台：自媒体时代用影响力赢取惊人财富##迈克尔·哈耶特##Platform:get noticed in a noisy world##成功励志##32.00元##978-7-5117-1779-5##中央编译出版社##16开##2013年10月##平装
ems,http://www.baike.com/wiki/ems,//www.huimg.cn/entry/images/summary_default270x233.png,快递##服务业,EMS（即“Express Mail Service”）是邮政特快专递服务，由万国邮联管理下的国际邮件快递服务，在中国境内是由中国邮政提供的一种快递服务。,中文名称：##外文名：##注册时间：##经营状态：##客服电话：##服务理念：,邮政特快专递服务##EMS##1980年7月15日##存续##11183##全心 全速 全球
基础,http://www.baike.com/wiki/基础,http://a1.att.hudong.com/05/60/50200009239445155957608968855_s.jpg,,基础是指建筑物地面以下的承重结构，如基坑、承台、框架柱、地梁等。是建筑物的墙或柱子在地下的扩大部分，其作用是承受建筑物上部结构传下来的荷载，并把它们连同自重一起传给地基。,中文名：##英文名：##分 类：##基 础：##组 成：,基础##foundation##灰土基础、砖基础##条形基础 刚性基础##由土和岩石组成
数据,http://www.baike.com/wiki/数据,//www.huimg.cn/entry/images/summary_default270x233.png,,"数据(data)是事实或观察的结果，是对客观事物的逻辑归纳，是用于表示客观事物的未经加工的的原始素材。 数据可以是连续的值，比如声音、图像，称为模拟数据。也可以是离散的，如符号、文字，称为数字数据。 在计算机系统中，数据以二进制信息单元0,1的形式表示。",性质：##意义：,计算机术语##信息的表现形式和载体
带头人,http://www.baike.com/wiki/带头人,//www.huimg.cn/entry/images/summary_default270x233.png,,"备案立项号
    片名
    备案单位
    编剧
    备案结果
    备案地
    
    
    
    
   
   
    影剧备字[2018]第2324号
    带头人
    合肥天行健全景影视文化传媒有限公司
    洪杰
    修改后同意拍摄
    安徽省
    
    
    
    
   
   
    梗概：优秀共产党员罗号回乡创业，带领村民共同致富奔小康。通过创新模式销售酒大赚；通过量子手机技术介入移动互联网领域；与高校合作进入新能源汽车领域。这是一部歌颂新时代党的领导，歌颂带头人创新精神的主旋律电影。",,
领域,http://www.baike.com/wiki/领域,http://a1.att.hudong.com/23/48/50200009239445155965480620823_s.jpg,,领域是一个汉语词语，发音是lǐnɡ yù，有生物学概念，数学概念等多重意义。出自（南朝宋）刘义庆《世说新语·文学》。,名称：##拼音：##出处：##释义：##用法：##例句：##外文名称：##注音：,领域##lǐng yù##南朝 宋刘义庆《世说新语·文学》##一种专门活动或事业的范围、部类或部门。##中性##“这些演出和演奏，又把魏紫带进了艺术的领域之中。”##domain##ㄌㄧㄥˇ ㄧㄩˋ
前列,http://www.baike.com/wiki/前列,http://a2.att.hudong.com/27/61/50200009239445155956613316762_s.jpg,历史##文化##术语##汉语##词汇,前（qián）列（liè），从词面上可以理解，为前面的列或列的前面，即排头。用来表示走在前面，尖端，或开拓。出自《左传·哀公二年》,名称：##拼音：##出处：##释义：##近义词：##外文名称：,前列##qián liè##《左传·哀公二年》##先头部队##前线、前哨##Forefront
环境,http://www.baike.com/wiki/环境,//www.huimg.cn/entry/images/summary_default270x233.png,,人类生存的空间及其中可以直接或间接影响人类生活和发展的各种自然因素称为环境。,,
距离,http://www.baike.com/wiki/距离,http://a4.att.hudong.com/54/17/20300576608317158201179201670_s.jpg,,距离是由出发点到终止点所形成的直线，叫距离。距离是一种标量，不具方向，仅含量。这种量不会是负数。在物理学上，距离是由某些媒介如人、动物和交通工具所经过的路线的长度。距离的详细解释有三种。以地球到火星的距离为例，由于二者都在运动，所以这距离是变量，是一个函数表达式。,名称：##拼音：##外文名称：##类型：,距离##jù lí##distance##词语
定向生,http://www.baike.com/wiki/定向生,http://a1.att.hudong.com/31/78/50200009239445155864787511426_s.jpg,学校##教育机构##社会,定向生是指为了帮助边远地区、少数民族地区和工作环境比较艰苦的行业培养人才，保证他们得到一定数量的毕业生而制定的一项政策。考生自愿填报有关高等学校定向就业招生志愿并按有关政策一旦被录取为定向生，须在入学注册前与高校及定向就业单位签订有关定向就业协议。,中文名：##定义：##分类：##待遇：##录取标准：##就业范围：##性质：,定向生##指为了帮助边远地区、少数民族地区和工作环境比较艰苦的行业培养人才，保证他们得到一定数量的毕业生而制定的一项政策##国防定向生和普通定向生##大部分免交学杂费、奖学金##与非定向生同一录取分数标准##依招生时确定的地区或部门范围##一项政策
学科,http://www.baike.com/wiki/学科,http://a2.att.hudong.com/80/79/20300576611799158269792901856_s.jpg,,学科该词有以下两种含义：,名称：##拼音：##释义：##外文名称：,学科##xué kē##相对独立的知识体系##discipline、course
成员,http://www.baike.com/wiki/成员,http://a1.att.hudong.com/50/62/50200009239445155978620951583_s.jpg,心理学术语##生物化学##社会科学##科学##计算机科学技术名词,社会团体、社会组织或家庭的组成人员,名称：##拼音：##出处：##释义：##外文名称：##日本語：,成员##chéng yuán##吴伯箫《延安》##指集体或家庭的组成者、参加者##member##メンバー
日程,http://www.baike.com/wiki/日程,http://a3.att.hudong.com/35/28/20300545127216154762286567244_s.png,词语,日程是一个词语，指对一天的生活安排，可以是某一天，现在或以后，包括从早上到晚上要做的事，简单易懂。,名称：##拼音：##释义：##词性：,日程##rì chéng##一般指对一天的生活安排，可以是某一天，现在或以后，包括从早上到晚上要做的事。##名词
水平,http://www.baike.com/wiki/水平,http://a2.att.hudong.com/85/56/20300576610389158185569387115_s.png,,水平是一个词语，有多种不同解释，指平行于水面的水平线，又可用于表示在某一专业方面所达到的高度，也可表示统计学水平（Level），在铁道工程上，水平是指线路左右两股钢轨顶面的相对高差。,名称：##拼音：##英语：##性质：,水平##shuǐ pínɡ##horizontal##词语
证书,http://www.baike.com/wiki/证书,//www.huimg.cn/entry/images/summary_default270x233.png,,证书是由机关﹑学校﹑团体等发的证明资格或权力的文件。常见的证书有：荣誉证书、资格证书、会员证书、入股证书、党员证、身份证、暂住证、军官证、驾驶证、行车证、通行证、上岗证、出生证、学生证、团员证、转学证、休学证、毕业证、结业证、记者证、采访证等。,中文名：##文 件：##凭证：##类 型：,证书##机关﹑学校﹑团体##表明事理的一个凭证##荣誉证书、资格证书
的,http://www.baike.com/wiki/的,http://a1.att.hudong.com/83/13/20300576607464158056137399288_s.jpg,,"的，是一个汉语常用字，普通话读音是de,dí,dì,dī。此字始见于篆文，原本作“旳”。隶书、楷书作从白、勺声，是“旳”所分化出来的字。“旳”字，《说文》解释为“明”，而日光明亮就白，故俗体字改成从白。在六书中属於形声。“的”字在现代汉语中，使用频率居所有汉字之首。",中文名：##拼音：##外文名：##笔画：##部首：##笔顺：##五笔码：##仓颉码：##郑码：##四角号码：,"的##de,dí,dì,dī##of##8##白##32511354##rqyy##hapi##nkrs##27620"
英语,http://www.baike.com/wiki/英语,http://a1.att.hudong.com/06/45/20300576614241158460458883417_s.jpg,,英语是一种西日耳曼语，在中世纪早期的英国最早被使用，并最终因其旧有殖民地广阔而成为世界使用面积最广的语言。它是由德国人（Angles）命名的，该部落是后来迁移到大不列颠地区的日耳曼部落之一，称为英格兰。这两个名字都来自波罗的海半岛的Anglia。该语言与弗里斯兰语和下撒克森语密切相关，其词汇已受到其他日耳曼语系语言的重大影响，尤其是北欧语（北日耳曼语），并在很大程度上由拉丁文和法文撰写。,中文名：##外文名：##拼音：##目前状况：##语族与语系：##母语使用人数：##作为官方语言：##世界排名：##分支：##拼读系统：##文字系统：##原拼写字母：##现拼写字母：##官方语言国家：##官方语言组织：##权威字典：##发源地：##学习难度：##时 态：,英语##English##yingyu##使用中##印欧语系-日耳曼语族##3.6亿以上##是##第三##英式英语，美国英语，国际英语##标音符号、国际音标##26个字母##卢恩字母##拉丁字母##67个国家##欧洲联盟及许多国际组织，联合国##《牛津英语词典》##英国英格兰##中等##共16种初略分为过去/现在/将来时
学校,http://www.baike.com/wiki/学校,http://a3.att.hudong.com/11/97/50200009239445155956972428447_s.jpg,,学校（英语：School），是指教育者有计划、有组织地对受教育者进行系统的教育活动的组织机构。名称起源于民国。学校教育是由专职人员和专门机构承担的有目的、有系统、有组织的，有计划的以影响受教育学校教育者的身心发展为直接目标并最终使受教育者的身心发展达到预定目的的社会活动。学校教育指受教育者在各类学校内所接受的各种教育活动，是教育制度重要组成部分。学校教育的具体活动受到社会需求影响，必须符合社会发展趋势，承担着对社会输送人才的职能。一般说来，学校教育包括初等教育、中等教育和高等教育。学校主要分为五种：幼儿园、小学、初中、高中和大学。,名称：##释义：##例句：##外文名称：,学校##指教育者有计划、有组织地对受教育者进行系统的教育活动的组织机构##学校是培养人才的摇篮，不同于其它企事业单位和社会组织##school
李兵,http://www.baike.com/wiki/李兵,http://a0.att.hudong.com/51/75/50200009239445155863755154481_s.jpg,,李兵，男，汉族，1962年2月出生，湖北浠水人，大学学历，高级管理人员工商管理硕士，高级政工师，1984年10月加入中国共产党，1982年8月参加工作。,中文名：##出生日期：##国籍：##民族：##出生地：##毕业院校：##职位：,李兵##1962年2月##中国##汉族##湖北浠水##中央党校##湖北省政协常务副主席、党组副书记
特长,http://www.baike.com/wiki/特长,http://a3.att.hudong.com/56/22/50200009239445155972220277261_s.jpg,面试,特长是汉语词语，读音tè cháng，意思是指特别擅长的专门的技艺或兴趣、研究领域；从字面理解，即特别的长处。出自明胡应麟《诗薮·唐下》和沈从文《会明》。,名称：##拼音：##出处：##释义：##外文名称：##外文名：,特长##tè cháng##明胡应麟《诗薮·唐下》和沈从文《会明》##特别擅长##strong point;specialty;aptitude##strong point;specialty
申请人,http://www.baike.com/wiki/申请人,http://a4.att.hudong.com/85/27/50200009239445156002276487176_s.jpg,中国税务##法律##法律术语##社会,申请人（Petitioner）是指提起诉讼的一方当事人，也可称为原告（Plaintiff）。申请人（Petitioner）通常适用于某些州的特定案件中，如离婚以及其它家庭法案件。,中文名：##英文名：,申请人##Petitioner
全国,http://www.baike.com/wiki/全国,http://a3.att.hudong.com/54/76/50200009239445155978766508643_s.jpg,,整个国家（指一个国家全部资源，如人民、领土），译自nation， 双音节词，偏正结构，来自日语的原语汉字借词，形容词。本意为：“使帝国不战而降”或“保全国家”（1163年）。从今义“whole country”来讲，它是一个来自于日语的原语借词。始见于1890年黄遵宪的《日本国志》,中文名：##名称：##拼音：##释义：##注音：,全国##全国##quán guó##指一个国家全部资源，如人民、领土##ㄑㄨㄢˊ ㄍㄨㄛˊ
推免生,http://www.baike.com/wiki/推免生,http://a0.att.hudong.com/70/24/50200009239445155793244860938_s.jpg,,推免生，全称“推荐优秀应届本科毕业生免试攻读硕士学位研究生”，是指可以不用参加研究生考试而直接读研的一种情形。推研按时间排序是：交叉、本系直博、本系直硕、外推、工硕。每年推研的时间为大四上学期9月初到9月末。推免时间一般是每年的9月初开始。,中文名：##推研时间：##推免时间：##简 称：##别 称：,推免生##大四上学期9月初到9月末##每年的9月初开始##推免生##保研生
人文,http://www.baike.com/wiki/人文,http://a0.att.hudong.com/57/36/50200009239445155793366760436_s.jpg,,人文就是人类文化中的先进部分和核心部分，即先进的价值观及其规范。其集中体现是：重视人，尊重人，关心人，爱护人。简而言之，人文，即重视人的文化。,名称：##拼音：##外文名称：##定义：##分类：##起始时间：##外文名：,人文##rén wén##human culture##泛指文化，专指哲学，美学范畴##文化艺术美学教育哲学国学历史##我国春秋时代##human culture
黄治国,http://www.baike.com/wiki/黄治国,http://a2.att.hudong.com/62/59/50200009239445155514596399036_s.jpg,,1965年9月出生，湖北房县人，教育学博士，在大学从事研究生教育管理工作多年。现任武汉大学计算机学院党委书记。在香港城市大学做过高级访问学者，参加过比利时安特为普大学管理学院的培训，访问过印度理工大学、韩国科学技术院等国外著名大学。 主要研究方向为：高等教育和思想政治教育。,,
潜力,http://www.baike.com/wiki/潜力,//www.huimg.cn/entry/images/summary_default270x233.png,,潜在能力的内容 潜在能力的内容 (3)迅速反应的能力,学 科：,教育心理学
否,http://www.baike.com/wiki/否,http://a0.att.hudong.com/57/82/50200009239445155961825734114_s.jpg,,否是一个汉字，读作fǒu或pǐ，该字读作fǒu时字义是表示不同意，不认可的意思。读作pǐ时字义是不好，坏，恶的意思。该文字在《战国策·魏策》和《孟子·梁惠王上》等文献均有记载。,拼音：##繁体：##笔画：##部首：##释义：,"fǒu##否##7##口##否〈副〉fou (会意。从口,从不。“不”亦兼表字音。本义:不然,不是这样) 否,不也。――《说文》 否臧凶。――《易·师》 否德黍帝位。――《书·尧典》"
同时,http://www.baike.com/wiki/同时,http://a1.att.hudong.com/28/00/50200014992522154422009834531_s.jpg,,"同时是一个词语，读音为tóng shí，意思是同时代，同一时候，同时发生，出自《资治通鉴》。同时还有并且的意思，例如任务艰巨,同时时间又很紧迫。",名称：##拼音：##近义词：##例句：##外文名称：,同时##tóng shí##《庄子·盗跖》##“今夫此人，以为与己同时而生，同乡而处者，以为夫绝俗过世之士焉；是专无主正”##meanwhile
所在,http://www.baike.com/wiki/所在,http://a4.att.hudong.com/57/01/50200009239445156004015905511_s.jpg,,所在，裂帛旗下原创设计品牌女装。2013年1月正式上线。运用东方语境的设计表达，呈现宁静致远的禅味，是饱经洗练的女性之美的阐释。,中文名：##所属公司：##品牌创立时间：##所属行业：,所在##裂帛##2013年1月##服装
名单,http://www.baike.com/wiki/名单,http://a4.att.hudong.com/40/34/50200009239445155966347562573_s.jpg,词语,名单 (Roster）是词性的一种，也是实词的一种，是指代人、物、事、时、地、情感、概念等实体或抽象事物的词。名单可以独立成句。在短语或句子中通常可以用代词来替代。,中文名：##外文名：##主演：##上映时间：##类别：##导演：##影片片长：##上映地区：##基本解释：,名单##name list##Anthony Flanagan，西耶娜##2013年##惊悚##Klaus H##90分钟##英国##专列人之姓名的册子或单子
sys,http://www.baike.com/wiki/sys,http://a0.att.hudong.com/16/35/20200000013920144722351682060_s.jpg,DOS##S开头单词##技术##英文单词##英语##计算机技术##计算机系统,系统复制命令—SYS，英文SYSTEM的缩写。,中文名：##全 写：##类 型：,sys##SYSTEM##系统复制命令
GRE,http://www.baike.com/wiki/GRE,http://a2.att.hudong.com/21/70/50200009239445155862700474433_s.jpg,,GRE，全称Graduate Record Examination，中文名称为美国研究生入学考试，适用于除法律与商业外的各专业，由美国教育考试服务处（Educational Testing Service，简称ETS)主办。GRE是世界各地的大学各类研究生院（除管理类学院，法学院）要求申请者所必须具备的一个考试成绩，也是教授对申请者是否授予奖学金所依据的最重要的标准。GRE，首次由美国哈佛，耶鲁，哥伦比亚，普林斯顿四所大学联合举办，初期由卡耐基基金会(Carnegie Foundation）承办，1948年交由新成立的教育测试中心ETS负责。之后每年在世界许多地方举行。中国国外考试协调处负责中国归口管理和承办GRE等国外考试。有些美国名牌大学把GRE专项成绩作为“推荐成绩”：即希望申请人能够提供此项成绩，无论本科专业是否与其申请研究生专业相同，但不把它作为必须要求。,中文名：##英文名：##其他外文名：##适用范围：##举办地：,美国研究生入学考试##Graduate Record Examination##gre##除法律与商业外的各专业##美国
武大,http://www.baike.com/wiki/武大,http://a3.att.hudong.com/15/59/20300545093656156134590880313_s.jpg,,武汉大学（Wuhan University），简称“武大”，是由中华人民共和国教育部直属的全国重点大学，是国家首批“双一流”建设高校，985工程、211工程重点建设高校；入选2011计划、111计划、珠峰计划、卓越医生教育培养计划、卓越法律人才教育培养计划、卓越工程师教育培养计划、新工科研究与实践项目、国家级大学生创新创业训练计划、国家大学生创新性实验计划、国家建设高水平大学公派研究生项目、全国深化创新创业教育改革示范高校、中国政府奖学金来华留学生接收院校、首批学位授权自主审核高校。,中文名：##外文名：##别称：##创办时间：##学校类别：##学校类型：##学校属性：##所属地区：##现任校长：##知名校友：##主管部门：##硕士点：##博士点：##博士后流动站：##校训：##校歌：##专职院士：##主要院系：##国家重点学科：##学校地址：##学校代码：##主要奖项：##创办人：##现任领导：##本科专业：##校庆日：##实验室：##人文资深教：##首席科学家：##长江学者：##发展定位：##开放时间：##票价：##类别：,武汉大学##Wuhan University(WHU)##武大（WHU）##1893年##公立大学##综合##985工程、211工程、七校联合办学##中国湖北武汉##窦贤康##辜鸿铭，竺可桢，章伯钧，闻一多、郁达夫、叶圣陶，李达，李四光，孙叔平，张培刚，刘道玉，陈东升，雷军等##中华人民共和国教育部##347个##250个##科研流动站42个##自强 弘毅 求是 拓新##《武汉大学校歌》##中国科学院院士10、中国工程院院士10（含双聘）、欧亚科学院院士3##经管学院、法学院、生科学院、测绘学院##一级学科5个、二级学科46个##武汉市武昌区珞珈山##10486##《泰晤士报》全球CEO母校排名世界第七、国家自然科学奖、国家发明奖、国家科技进步奖69项、获评第一届全国文明校园##张之洞##党委书记韩进##126个##11月29日##5个国家重点实验室##授8##22##46##世界一流大学##全天##免费##主题体验
公式,http://www.baike.com/wiki/公式,//www.huimg.cn/entry/images/summary_default270x233.png,,1、通用格式，用数学符号表示，各个量之间的一定关系(如定律或定理)的式子，能普遍应用于同类事物的方式方法。 2、公式，在数学、物理学、化学、生物学等自然科学中用数学符号表示几个量之间关系的式子。具有普遍性，适合于同类关系的所有问题。在数理逻辑中，公式是表达命题的形式语法对象，除了这个命题可能依赖于这个公式的自由变量的值之外。公式精确定义依赖于涉及到的特定的形式逻辑，但有如下一个非常典型的定义（特定于一阶逻辑): 公式是相对于特定语言而定义的；就是说，一组常量符号、函数符号和关系符号，这里的每个函数和关系符号都带有一个元数(arity）来指示它所接受的参数的数目。,分类：##功能：##要求：##应用：,数学##各个量之间的一定关系##一致性##数学、物理学等
百分制,http://www.baike.com/wiki/百分制,//www.huimg.cn/entry/images/summary_default270x233.png,乡村教育##少儿救助##爱心助学,百分制就是指满分为100分的考试，小学一般都采用百分制。2013年8月22日，教育部公布了《小学生减负十条规定》的征求意见稿，其中包括全面取消百分制规定。,,
能力,http://www.baike.com/wiki/能力,http://a1.att.hudong.com/61/37/50200009239445155959373946132_s.jpg,,能力 是完成一项目标或者任务所体现出来的综合素质。 人们在完成活动中表现出来的能力有所不同。能力是直接影响活动效率，并使活动顺利完成的个性心理特征。,名称：##拼音：##出处：##释义：##外文名称：,能力##néng lì##《吕氏春秋·适威》##指在任务或情景中表现的一组行为##Ability
US,http://www.baike.com/wiki/US,http://a1.att.hudong.com/62/73/20300576610288158141739474283_s.jpg,,US是独特服务（unique service）的简称，一款由中证明道开发的支持IOS系统的APP金融服务终端。,外文名：##开发公司：##解 释：##类 别：,US##中证明道##独特服务##支持IOS系统的APP金融服务终端
必修课,http://www.baike.com/wiki/必修课,http://a4.att.hudong.com/63/46/50200009239445155972469522320_s.jpg,乡村教育##少儿救助##爱心助学##词典##词汇##词语##语文,必修课是指学校中学生要修习的课程。通常包括公共课、基础课和专业课。,名称：,必修课
代表性,http://www.baike.com/wiki/代表性,//www.huimg.cn/entry/images/summary_default270x233.png,,代表性，抽样的基本要求。样本与母体的相似程度。两者在主要特征上越相似，样本对母体越具代表性，由样本推论母体的结果便越可靠。 代表性启发法（representatiomt1e stlc）概率判断策略的一种。借助证据和结果具有类似特征的程度进行概率判断。在日常生活中，经常用于判断事件的概率，但也可能使我们产生错觉，使我们判断概率事件时发生错误。如我们用计算器加一系列数，得出的总数恰好是12345．我们会觉得这个数不大可能出现，因为它缺乏随机代表性，事实上这个“特殊的”数与另外任何个数且有同等的出现概率。,,
公示期,http://www.baike.com/wiki/公示期,http://a4.att.hudong.com/54/02/50200009239445155357021716032_s.jpg,社会,公示期是指某一对象在被最终确认之前，由相关单位以各种方式向社会公众或相关人员公布相关情况以听取不同意见的时间段。在这期间，若有人对公示内容有异议，可以向公示单位提出。公示期过后单位将作出关于该对象的最终决定。,中文名：##英文名：##国家公示：##单位公示：##公示期：,公示期##The public notice period##一般大于10天##一周左右##人员公布以听取不同意见的时间段
等级,http://www.baike.com/wiki/等级,http://a3.att.hudong.com/07/24/50200009239445155965241984157_s.jpg,,等级，指按某一标准区分的高下差别。语出《商君书·赏刑》：“所谓壹刑者，刑无等级，自卿相将军以至大夫庶人，有不从王令、犯国禁、乱上制者，罪死不赦。”,名称：##拼音：##出处：##释义：##例句：##外文名称：##不同概念：,等级##děng jí##《商君书·赏刑》##按差异而定出的高下级别##公路等级/应急等级##Grade##等级标签（标注）与真实等级
要求,http://www.baike.com/wiki/要求,http://a0.att.hudong.com/54/95/50200009239445155957951974200_s.jpg,ISO##社会科学##科学##语言学,要求，是人们日常使用词组。指提出具体愿望或条件，希望做到或实现。,名称：##拼音：##释义：##近义词：##外文名称：,要求##yāo qiú##指提出具体愿望或条件，希望做到或实现。##呼吁，号召##ask;beg;demand
专业课,http://www.baike.com/wiki/专业课,http://a4.att.hudong.com/14/14/50200009239445155863145126456_s.jpg,乡村教育##少儿救助##爱心助学##考研,专业课与“基础课”相对。指高等学校和中等专业学校根据培养目标所开设的专业知识和专门技能的课程。,中文名：##拼音：##定义：##实 质：##要 求：##内 容：##性 质：,专业课##zhuān yè kè##专业课与“基础课”相对##课程##必要的专业基本理论##专业知识和专业技能##专业课与“基础课”相对
语言,http://www.baike.com/wiki/语言,http://a3.att.hudong.com/85/82/50200009239445155957823226738_s.jpg,,语言即传递信息的声音。是人类最重要的交际工具，是人们进行沟通的主要表达方式。人们借助语言保存和传递人类文明的成果。语言是民族的重要特征之一。一般来说，各个民族都有自己的语言。汉语，法语，俄语，西班牙语，阿拉伯语，英语是世界上的主要语言，也是联合国的工作语言。汉语是世界上使用人口最多的语言，汉语和英语是世界上使用最广泛的语言。据德国出版的《语言学及语言交际工具问题手册》，现在世界上查明的有5651种语言。在这些语言中，有1400多种还没有被人们承认是独立的语言，或者是正在衰亡的语言。,名称：##拼音：##释义：##外文名称：##出现时间：##功能：,语言##yǔ yán##人类交际工具##Language（英语）##约30万年前##传递信息
人,http://www.baike.com/wiki/人,http://a3.att.hudong.com/36/05/20300576610174158480052256082_s.jpg,,人，可以从生物、精神与文化等各个层面来定义，或是这些层面定义的结合。生物学上，人被分类为人科人属人种，2号染色体和猩猩甲条染色体着丝粒融合（平衡易位）缔合模式接近度超过16N，并臂间多次倒位，其余染色体都有很强的同源性，是一种高级动物。精神层面上，人被描述为能够使用各种灵魂的概念，在宗教中这些灵魂被认为与神圣的力量或存在有关。文化人类学上，人被定义为能够使用语言、具有复杂的社会组织与科技发展的生物，尤其是能够建立团体与机构来达到互相支持与协助的目的。中国古代对人的定义是：有历史典籍，能把历史典籍当作镜子以自省的动物。,中文学名：##别名：##拉丁学名：##二名法：##界：##门：##亚门：##纲：##亚纲：##目：##亚目：##科：##亚科：##属：##种：##分布区域：,智人##人类##Homo##Homo sapiens##动物界##脊索动物门##脊椎动物亚门##哺乳纲##真兽亚纲##灵长目##类人猿亚目##人科##人亚科##人属##智人种##全球
吴红波,http://www.baike.com/wiki/吴红波,http://a2.att.hudong.com/85/69/50200009239445155864690360170_s.jpg,人物##北京外国语大学##外交官##政治人物##联合国,吴红波，男，1952年5月生，祖籍山东泰安市宁阳县，中华人民共和国外交官。北京外国语学院（今北京外国语大学）毕业。自七十年代起开始从事外交工作。,中文名：##性别：##出生日期：##国籍：##民族：##出生地：##毕业院校：##职位：,吴红波##男##1952年5月##中国##汉族##山东泰安市宁阳县##北京外国语大学##外交官
软件,http://www.baike.com/wiki/软件,http://a2.att.hudong.com/88/51/20300576607684158138513951882_s.jpg,,《软件》杂志是国家一级权威学术期刊，中国唯一一本以“软件”命名的国家级正式出版物，以创新、准确、实用为特色，突出科学性、严谨性、现实性，创新性及时报道国内外计算机技术在科研、教学、应用方面的研究成果和发展动态，注重刊登反映计算机应用和软件技术开发应用方面的新理论、新方法、新技术以及创新应用的文章，是国内外计算机同行发表论文和资讯共享的平台，是软件、计算机等信息科技论文发表的理想刊物，可作为科研人员、工程技术人员提供中、高级职称评定、奖学金申请、项目申请的证明依据。,名称：##英文名：##类别：##语种：##主办单位：##主编：##创刊时间：##出版周期：##国内刊号：##国际刊号：##通讯地址：##主管单位：##编辑单位：##属性：##外文名称：,软件##Computer engineering & Software##计算机##中文##中国电子学会、天津电子学会##何新贵##1979年##月刊##12-1151/TP##1003-6970##北京市3108信箱##中国科学技术协会##软件杂志社##中文核心期刊、JST##Computer engineering
大学,http://www.baike.com/wiki/大学,http://a3.att.hudong.com/32/25/20300576610079158453253335560_s.jpg,,大学（University、College），学名为普通高等学校，是一种功能独特的组织， 是与社会的经济和政治机构既相互关联又鼎足而立的传承、研究、融合和创新高深学术的高等学府。它不仅是人类文化发展到一定阶段的产物，它还在长期办学实践的基础上，经过历史的积淀、自身的努力和外部环境的影响，逐步形成了一种独特的大学文化。,中文名：##外文名：##别称：##创办时间：##学校类别：##学校类型：##机构类型：##直接起源于：,大学##College、University##普通高等学校##公元5世纪##公办、民办##综合、工科、农林、财经、医药等##文化机构##12、13世纪的欧洲中世纪大学
邮编,http://www.baike.com/wiki/邮编,http://a3.att.hudong.com/23/49/20300001128119143416497854607_s.jpg,地理信息系统名词##邮政,邮政编码（英语：Postal Code，又称邮递区号），是一个国家或地区为实现邮件分拣自动化和邮政网络数位化，加快邮件传递速度，而把全国划分的编码方式。邮递区号制度已成为衡量一个国家通信技术和邮政服务水平的标准之一。,中文名：##英文名：##别称：##特点：##制度范围：##诞生时间：##诞生地点：##用途：##编码规则：,邮政编码##Postal Code##邮递区号##用阿拉伯数字组成##40多个国家实行了邮政编码制度##1963年6月##美国##实现信件分拣自动化的方案实施##四级六位制(省、市、县，区)
cn,http://www.baike.com/wiki/cn,http://a4.att.hudong.com/38/52/20300001128119142255524607885_s.jpg,,cn所属化学元素。德国重离子研究中心于2010年2月19日宣布，经国际纯粹与应用化学联合会确认，由该中心人工合成的第112号化学元素从即日起获正式名称“Copernicium”，相应的元素符号为“Cn”。为纪念著名天文学家哥白尼（Nicolaus　Copernicus），德国重离子研究中心于2009年7月向国际纯粹与应用化学联合会提出了上述命名建议，但当时该中心建议新元素的元素符号为“Cp”。由于“Cp”已有其他科学含义，为避免歧义，国际纯粹与应用化学联合会经与发现第112号化学元素的研究小组协商，最终将新元素的元素符号定为“Cn”。该联合会选择2月19日为新元素正式冠名是因为这一天是哥白尼（1473年－1543年）的生日。德国重离子研究中心于1996年在粒子加速器中用锌离子轰击铅靶首次成功合成了第112号化学元素的一个原子，2002年重复相同的实验又制造出一个第112号化学元素的原子。此后，日本的一个研究机构于2004年也合成了这种元素的两个原子，从而证实德国科学家的发现。新元素原子品质约为氢原子品质的277倍，是得到国际纯粹与应用化学联合会正式承认的最重的元素。,中文名：##英文名：##简称：##名称缘由：,鎶##Copernicium##cn##纪念著名天文学家哥白尼
知识,http://www.baike.com/wiki/知识,http://a4.att.hudong.com/13/95/50200009239445155800957495431_s.jpg,,知识是符合文明方向的，人类对物质世界以及精神世界探索的结果总和。知识，至今也没有一个统一而明确的界定。但知识的价值判断标准在于实用性，以能否让人类创造新物质，得到力量和权力等等为考量。,名称：##拼音：##出处：##释义：##外文名称：##文学体裁：,知识##zhī shí##认识论##指在实践中认识客观世界的成果##Knowledge##文化概念
